"Set","Soil_Organic_Carbon_kg_m2","Type"
1,8.98048201315033,"MIMICS"
2,8.25191496250591,"MIMICS"
3,6.88042064406852,"MIMICS"
4,7.2392938159724,"MIMICS"
5,8.26448472548208,"MIMICS"
6,6.73690681346675,"MIMICS"
7,8.13895672734091,"MIMICS"
8,7.30355942051786,"MIMICS"
9,10.6255714424409,"MIMICS"
10,9.12662880991768,"MIMICS"
11,8.12013336512794,"MIMICS"
12,7.59681465147012,"MIMICS"
13,8.17415251135246,"MIMICS"
14,7.81165823202983,"MIMICS"
15,9.31403693138465,"MIMICS"
16,8.42300962683384,"MIMICS"
17,8.74477548076438,"MIMICS"
18,9.12308702886713,"MIMICS"
19,8.35155354889418,"MIMICS"
20,9.43485655340681,"MIMICS"
21,5.9823787994479,"MIMICS"
22,6.61101073135414,"MIMICS"
26,8.54569702183772,"MIMICS"
27,11.815870243672,"MIMICS"
28,8.30274435415413,"MIMICS"
30,9.28577937004142,"MIMICS"
31,9.3779492480807,"MIMICS"
32,11.1436104913642,"MIMICS"
33,7.39261480907566,"MIMICS"
34,10.0757800356283,"MIMICS"
35,7.58989727433984,"MIMICS"
36,7.52044912022164,"MIMICS"
37,8.98089834021474,"MIMICS"
38,10.7880733943615,"MIMICS"
39,8.50645629772899,"MIMICS"
40,6.84027312945516,"MIMICS"
41,10.1839245160072,"MIMICS"
42,7.38068653187576,"MIMICS"
43,9.61229327209937,"MIMICS"
44,9.57682193878085,"MIMICS"
45,8.30452360285945,"MIMICS"
46,6.64269738426727,"MIMICS"
47,6.27377883056953,"MIMICS"
48,14.5071234068472,"MIMICS"
49,7.21240518564726,"MIMICS"
50,9.68420962300837,"MIMICS"
51,1.21097312531641,"MIMICS"
54,10.4630571056336,"MIMICS"
55,5.9565328565589,"MIMICS"
60,6.60635507083091,"MIMICS"
63,6.46259622976898,"MIMICS"
66,8.16836920650697,"MIMICS"
77,6.61282676830034,"MIMICS"
84,7.15304700036669,"MIMICS"
91,6.88273093968685,"MIMICS"
102,9.26556014785372,"MIMICS"
110,7.3223158014789,"MIMICS"
118,6.76316848476889,"MIMICS"
121,6.89018161861548,"MIMICS"
146,10.1718196865808,"MIMICS"
150,8.91942049865166,"MIMICS"
159,9.93495300251016,"MIMICS"
166,8.4098768483466,"MIMICS"
193,18.8822098893445,"MIMICS"
194,14.8306384954075,"MIMICS"
195,16.2407127532457,"MIMICS"
196,15.5462552564927,"MIMICS"
197,16.118817005437,"MIMICS"
198,16.2716491192367,"MIMICS"
199,10.7405618196053,"MIMICS"
200,16.7802348411098,"MIMICS"
201,20.7266987101551,"MIMICS"
202,18.2973654970733,"MIMICS"
203,10.8779776849428,"MIMICS"
204,9.98492236255372,"MIMICS"
205,11.1728920797877,"MIMICS"
206,11.1732132043784,"MIMICS"
207,18.0489705774562,"MIMICS"
208,12.8835051568355,"MIMICS"
209,12.4285425599449,"MIMICS"
210,13.5038890454931,"MIMICS"
211,11.680444130363,"MIMICS"
212,12.512497321533,"MIMICS"
213,21.69822278975,"MIMICS"
216,11.3213628675154,"MIMICS"
217,15.4557496401663,"MIMICS"
218,8.39275819984911,"MIMICS"
219,8.93310395692744,"MIMICS"
220,9.50763366450781,"MIMICS"
221,8.76144863795504,"MIMICS"
222,11.7264752850211,"MIMICS"
223,16.4087998146295,"MIMICS"
224,15.0893396767791,"MIMICS"
225,10.7898979831853,"MIMICS"
226,15.0424441539976,"MIMICS"
227,8.70922406782949,"MIMICS"
228,9.24910078755407,"MIMICS"
229,11.2847901227525,"MIMICS"
230,9.26915366637218,"MIMICS"
231,13.1054993572054,"MIMICS"
232,13.9372575174912,"MIMICS"
233,9.77039781686002,"MIMICS"
234,20.1856227428514,"MIMICS"
235,17.3584981086245,"MIMICS"
236,17.9973433926688,"MIMICS"
237,14.0511535919421,"MIMICS"
238,14.6756176259777,"MIMICS"
239,16.6131966817099,"MIMICS"
241,7.02523451920261,"MIMICS"
242,8.00690662180521,"MIMICS"
243,6.52323837252285,"MIMICS"
244,14.440643201051,"MIMICS"
245,8.39204180103425,"MIMICS"
246,9.30315816151491,"MIMICS"
247,6.93592232985754,"MIMICS"
249,6.94136522592012,"MIMICS"
250,7.00015260431185,"MIMICS"
251,6.85987971739388,"MIMICS"
253,8.80535853318897,"MIMICS"
254,8.34227542624242,"MIMICS"
255,7.86908928744701,"MIMICS"
257,14.6693234268346,"MIMICS"
258,6.66422540781393,"MIMICS"
259,7.77075484723027,"MIMICS"
260,8.61899041848747,"MIMICS"
261,6.93882614248366,"MIMICS"
262,9.66816786953327,"MIMICS"
263,11.2671174305576,"MIMICS"
264,8.75771024476898,"MIMICS"
265,7.43092601574833,"MIMICS"
266,9.79083040861259,"MIMICS"
267,9.22096898634549,"MIMICS"
268,7.62908018826735,"MIMICS"
269,7.84530105291608,"MIMICS"
270,8.43786429771444,"MIMICS"
271,8.93105096367603,"MIMICS"
273,9.00474600210835,"MIMICS"
274,7.29065554754626,"MIMICS"
275,11.3010922878064,"MIMICS"
276,11.5256313699503,"MIMICS"
278,6.1289168929719,"MIMICS"
283,2.98628971197065,"MIMICS"
286,4.26462468039819,"MIMICS"
287,3.72033042326332,"MIMICS"
288,3.90337410887003,"MIMICS"
289,3.44543170433818,"MIMICS"
290,4.36687894863916,"MIMICS"
291,3.38842409068911,"MIMICS"
292,6.13808196656201,"MIMICS"
293,5.37291632803891,"MIMICS"
294,5.47987841272832,"MIMICS"
295,4.0154761552349,"MIMICS"
296,3.44412312635783,"MIMICS"
297,6.04083718551849,"MIMICS"
298,3.47142111901374,"MIMICS"
299,3.65145059747962,"MIMICS"
300,3.19168199843357,"MIMICS"
301,3.71592840465191,"MIMICS"
302,3.80238824171178,"MIMICS"
303,3.80593362596722,"MIMICS"
306,5.12160833843596,"MIMICS"
309,3.01679789177372,"MIMICS"
310,3.06677186675756,"MIMICS"
311,3.23121003193055,"MIMICS"
319,3.46024641709665,"MIMICS"
320,3.77894454365628,"MIMICS"
321,4.36142088815104,"MIMICS"
322,4.43613028753612,"MIMICS"
323,3.60719221385235,"MIMICS"
324,3.0039123683027,"MIMICS"
325,4.431829485908,"MIMICS"
326,4.20978447207133,"MIMICS"
327,3.49147688128673,"MIMICS"
328,3.92110291587093,"MIMICS"
329,3.47451436595323,"MIMICS"
330,4.05299426449988,"MIMICS"
331,3.0050221752736,"MIMICS"
332,3.33860153687443,"MIMICS"
333,3.06235425506582,"MIMICS"
334,5.54635679535916,"MIMICS"
335,4.74623023575466,"MIMICS"
336,6.24838131009538,"MIMICS"
338,7.25068426836351,"MIMICS"
339,10.2337100221179,"MIMICS"
340,9.56469592845631,"MIMICS"
341,9.93144279673932,"MIMICS"
342,10.5520011874861,"MIMICS"
343,7.8229976573865,"MIMICS"
344,7.6354028289101,"MIMICS"
345,8.47168726266899,"MIMICS"
346,7.346889327461,"MIMICS"
347,7.78129039889136,"MIMICS"
348,6.69395162770045,"MIMICS"
349,7.88218441198193,"MIMICS"
350,6.05654779563038,"MIMICS"
351,9.63141608383139,"MIMICS"
352,13.6745656997473,"MIMICS"
353,8.28632955274947,"MIMICS"
354,9.25115014149457,"MIMICS"
355,10.8828708467674,"MIMICS"
356,13.2650381493699,"MIMICS"
357,9.45553028585651,"MIMICS"
358,9.99909217373101,"MIMICS"
359,9.87933689803214,"MIMICS"
360,11.1880436292119,"MIMICS"
361,7.88653663731303,"MIMICS"
362,10.105689410061,"MIMICS"
363,15.284786184916,"MIMICS"
364,15.0946322198304,"MIMICS"
365,13.3357354122789,"MIMICS"
366,6.79277245626693,"MIMICS"
367,9.06870385452016,"MIMICS"
368,7.15859773835718,"MIMICS"
369,8.79126876906983,"MIMICS"
370,11.7486418581281,"MIMICS"
371,8.46652518597369,"MIMICS"
372,7.57032522470382,"MIMICS"
373,10.4303298700362,"MIMICS"
374,10.8166715546856,"MIMICS"
375,7.36241898736467,"MIMICS"
376,9.13498613887748,"MIMICS"
377,11.3918604299412,"MIMICS"
378,11.4766641825011,"MIMICS"
379,7.76339408210467,"MIMICS"
380,7.60046199860593,"MIMICS"
381,6.7820769790363,"MIMICS"
382,4.77585866371108,"MIMICS"
383,12.5268191991512,"MIMICS"
384,10.0556898914923,"MIMICS"
386,12.8374384965396,"MIMICS"
387,11.8871908256823,"MIMICS"
388,10.9320423956203,"MIMICS"
389,10.7070820354123,"MIMICS"
390,10.9242454463584,"MIMICS"
391,8.26804879086939,"MIMICS"
392,9.56313684236902,"MIMICS"
393,6.14457874539794,"MIMICS"
394,7.55473569278781,"MIMICS"
395,9.38071079126642,"MIMICS"
396,11.4747225341422,"MIMICS"
397,8.75602679233519,"MIMICS"
398,5.45351544274326,"MIMICS"
399,2.75564863018392,"MIMICS"
400,3.26754276325227,"MIMICS"
401,3.05591463981319,"MIMICS"
402,5.10622809167767,"MIMICS"
403,3.32201921152057,"MIMICS"
404,5.13668947195778,"MIMICS"
405,6.66801326122993,"MIMICS"
406,11.5600183317472,"MIMICS"
407,15.1671072968237,"MIMICS"
408,12.0807600905566,"MIMICS"
409,15.6912851445996,"MIMICS"
410,10.0740548765938,"MIMICS"
411,12.2123684572622,"MIMICS"
412,16.3468288473942,"MIMICS"
413,13.6748272423489,"MIMICS"
415,26.3736041075812,"MIMICS"
417,12.4372475039565,"MIMICS"
418,21.5123697563762,"MIMICS"
419,13.6960337020219,"MIMICS"
420,13.714539074911,"MIMICS"
421,13.155593262765,"MIMICS"
422,18.0686143826988,"MIMICS"
423,16.6462287993483,"MIMICS"
424,13.5133894455429,"MIMICS"
425,18.8485095721025,"MIMICS"
426,17.2045023475823,"MIMICS"
427,12.2396735059296,"MIMICS"
429,17.5304441754572,"MIMICS"
430,15.3814630433176,"MIMICS"
431,13.2332041200751,"MIMICS"
432,27.7968151631578,"MIMICS"
433,15.8930865863602,"MIMICS"
434,16.4432427114701,"MIMICS"
435,11.1704236073587,"MIMICS"
436,10.7200129646912,"MIMICS"
437,12.229551162535,"MIMICS"
439,29.4641715941895,"MIMICS"
440,15.8064874205398,"MIMICS"
441,36.9791411365362,"MIMICS"
442,14.22602286091,"MIMICS"
443,16.0991611943184,"MIMICS"
444,10.1819330957227,"MIMICS"
445,10.8556599191545,"MIMICS"
446,11.2378218163217,"MIMICS"
447,12.6939947928529,"MIMICS"
448,11.0597043942785,"MIMICS"
449,9.92619701496691,"MIMICS"
450,11.8312072864254,"MIMICS"
451,11.0435961410989,"MIMICS"
452,11.3063260151162,"MIMICS"
454,11.8595542903064,"MIMICS"
455,19.2552482074775,"MIMICS"
456,14.2002449679054,"MIMICS"
457,12.7610207108951,"MIMICS"
458,24.0120342046436,"MIMICS"
460,19.3475790286571,"MIMICS"
461,5.09308788415781,"MIMICS"
462,6.09133352229318,"MIMICS"
463,8.58526347959792,"MIMICS"
464,6.14531476054939,"MIMICS"
465,4.44251238855559,"MIMICS"
466,5.7801915769906,"MIMICS"
467,11.8109789275387,"MIMICS"
468,6.53889184463389,"MIMICS"
469,8.04274247996915,"MIMICS"
470,5.68584381836393,"MIMICS"
472,6.477752800658,"MIMICS"
473,5.45468564421814,"MIMICS"
474,6.98099203600383,"MIMICS"
475,6.05328761843652,"MIMICS"
476,6.83420021704481,"MIMICS"
477,7.06258912698221,"MIMICS"
478,5.58096301411466,"MIMICS"
479,6.31977387646507,"MIMICS"
480,7.50976184161947,"MIMICS"
481,5.88298387974308,"MIMICS"
482,4.90309422523767,"MIMICS"
483,5.67550563452657,"MIMICS"
484,6.88900502687832,"MIMICS"
485,9.26587780328766,"MIMICS"
486,6.36644224937752,"MIMICS"
487,9.58226596651718,"MIMICS"
488,5.69827217367573,"MIMICS"
489,5.49953813508901,"MIMICS"
490,5.10928176071738,"MIMICS"
492,7.20400324459315,"MIMICS"
493,6.43909752075353,"MIMICS"
494,6.2486983219118,"MIMICS"
495,7.18103398617021,"MIMICS"
496,6.07172979969898,"MIMICS"
497,6.47617207807307,"MIMICS"
498,7.20052529547072,"MIMICS"
499,5.24098471249716,"MIMICS"
500,5.25269984692565,"MIMICS"
501,4.88120751209362,"MIMICS"
502,4.78609928824315,"MIMICS"
503,5.11279982534294,"MIMICS"
504,6.43786286626386,"MIMICS"
505,6.52773367941465,"MIMICS"
506,8.91160353270818,"MIMICS"
507,11.2522698101767,"MIMICS"
508,9.65455252325684,"MIMICS"
509,9.83212365084795,"MIMICS"
510,10.5908147320905,"MIMICS"
511,9.24393870821667,"MIMICS"
512,9.49358157544143,"MIMICS"
513,15.0721312618697,"MIMICS"
514,15.947147674986,"MIMICS"
515,11.8824359864602,"MIMICS"
516,10.8026598743077,"MIMICS"
517,13.1330420674967,"MIMICS"
518,15.4755673590972,"MIMICS"
519,11.2006339735081,"MIMICS"
520,13.0892918930416,"MIMICS"
521,17.2566632515101,"MIMICS"
522,15.7020788848073,"MIMICS"
523,14.0521865958614,"MIMICS"
524,11.9950096319615,"MIMICS"
525,15.1524355227203,"MIMICS"
526,10.1710697011764,"MIMICS"
527,11.2175884533801,"MIMICS"
528,9.04178788142337,"MIMICS"
529,8.78313879435195,"MIMICS"
531,15.783159075819,"MIMICS"
532,13.0286613660689,"MIMICS"
533,15.4924723704566,"MIMICS"
536,14.084859214527,"MIMICS"
537,13.2615519444375,"MIMICS"
538,13.3305487485347,"MIMICS"
545,11.6613701019794,"MIMICS"
546,15.3772847949167,"MIMICS"
548,12.5076223354749,"MIMICS"
549,11.1388728243804,"MIMICS"
550,13.4629528293304,"MIMICS"
551,10.5991395230479,"MIMICS"
552,8.93639974727251,"MIMICS"
553,8.59622029200619,"MIMICS"
554,11.4992618384658,"MIMICS"
555,10.9406872842341,"MIMICS"
556,9.60315653700978,"MIMICS"
557,10.0157128734352,"MIMICS"
558,16.4647053016627,"MIMICS"
559,11.3090755586059,"MIMICS"
560,8.36921346358958,"MIMICS"
561,7.84494562788719,"MIMICS"
562,10.2005013786079,"MIMICS"
563,10.9482797596267,"MIMICS"
564,6.11538409564436,"MIMICS"
565,9.34588503069906,"MIMICS"
566,13.5449131821604,"MIMICS"
568,4.85340621278433,"MIMICS"
569,6.17083921236116,"MIMICS"
570,5.23707430404491,"MIMICS"
571,5.16552535288797,"MIMICS"
572,6.65541312270703,"MIMICS"
573,14.0796644110079,"MIMICS"
574,13.9072334343001,"MIMICS"
575,13.2264089522806,"MIMICS"
576,10.6583041265433,"MIMICS"
577,11.3788129663651,"MIMICS"
578,4.91219589014013,"MIMICS"
579,4.19550424405114,"MIMICS"
582,5.44582393015186,"MIMICS"
583,4.44062545473677,"MIMICS"
585,11.6370394085356,"MIMICS"
587,7.3812818973118,"MIMICS"
588,7.82124167656802,"MIMICS"
589,8.43626582968919,"MIMICS"
590,6.97406321252865,"MIMICS"
591,9.04468409546884,"MIMICS"
592,7.60257680092094,"MIMICS"
593,11.0936222632248,"MIMICS"
594,10.7177114285254,"MIMICS"
595,9.28150932350455,"MIMICS"
596,10.3481345533698,"MIMICS"
597,8.93172003788827,"MIMICS"
598,9.03868612930437,"MIMICS"
599,10.2249722581378,"MIMICS"
600,9.93087813365941,"MIMICS"
601,10.8346854571296,"MIMICS"
602,12.8484448100206,"MIMICS"
603,9.65945929387527,"MIMICS"
604,9.72316913577187,"MIMICS"
605,11.2932004230158,"MIMICS"
607,11.4942460810798,"MIMICS"
608,11.3560524125534,"MIMICS"
609,10.561990181638,"MIMICS"
610,14.0225968996767,"MIMICS"
611,11.8617636607967,"MIMICS"
612,10.7639055566484,"MIMICS"
613,9.15417484097736,"MIMICS"
614,10.060254250813,"MIMICS"
615,10.1688985837368,"MIMICS"
616,11.4293775976342,"MIMICS"
617,9.47490829300229,"MIMICS"
618,9.16174051691137,"MIMICS"
619,12.5994514152588,"MIMICS"
620,11.2370691286386,"MIMICS"
621,14.1526735099702,"MIMICS"
622,10.1616578701273,"MIMICS"
623,10.7594496923734,"MIMICS"
624,11.5077749916262,"MIMICS"
625,13.2701949406254,"MIMICS"
626,12.8535822393074,"MIMICS"
627,10.5545307180532,"MIMICS"
628,8.64657469965276,"MIMICS"
630,11.4317803983335,"MIMICS"
632,11.7749415590932,"MIMICS"
633,10.276572949266,"MIMICS"
634,12.4611162917257,"MIMICS"
635,12.211268454583,"MIMICS"
636,10.1395296647917,"MIMICS"
637,9.59602915946307,"MIMICS"
638,14.7187061724831,"MIMICS"
639,16.410701924948,"MIMICS"
640,11.8374193828355,"MIMICS"
643,15.9408902513166,"MIMICS"
644,10.4902552051998,"MIMICS"
645,10.0232609744029,"MIMICS"
646,12.4765339042438,"MIMICS"
648,11.21853574388,"MIMICS"
650,12.4611501217522,"MIMICS"
651,12.1556602744712,"MIMICS"
652,16.2529957746494,"MIMICS"
653,11.0813918344548,"MIMICS"
654,11.6362702218228,"MIMICS"
655,9.4484816056992,"MIMICS"
656,15.3578750034048,"MIMICS"
657,17.5231288571724,"MIMICS"
658,22.7180365163268,"MIMICS"
659,18.6934719803444,"MIMICS"
660,21.9104582418405,"MIMICS"
662,13.0280088517148,"MIMICS"
667,21.7338183802174,"MIMICS"
668,13.5753247679984,"MIMICS"
669,16.4948735112628,"MIMICS"
671,17.8292956100819,"MIMICS"
672,16.4641987517943,"MIMICS"
673,10.8198468164513,"MIMICS"
674,15.2041549571616,"MIMICS"
675,16.7053030306456,"MIMICS"
676,10.5792918410983,"MIMICS"
677,13.2213531811912,"MIMICS"
678,12.6680315656463,"MIMICS"
679,13.5418984674119,"MIMICS"
680,10.892575216747,"MIMICS"
681,10.2614011809991,"MIMICS"
682,13.814660738369,"MIMICS"
684,12.3881969364952,"MIMICS"
685,10.9582151572279,"MIMICS"
686,15.3875573272867,"MIMICS"
687,13.6163880322457,"MIMICS"
688,18.8975280284359,"MIMICS"
689,14.1485159776765,"MIMICS"
690,14.557584399364,"MIMICS"
691,17.2775919398545,"MIMICS"
692,12.3493746818378,"MIMICS"
693,8.30592068132735,"MIMICS"
694,9.52075255167865,"MIMICS"
695,9.81679624837158,"MIMICS"
696,19.3331434469967,"MIMICS"
697,15.425792392379,"MIMICS"
698,10.4444869260417,"MIMICS"
699,18.1810484895411,"MIMICS"
700,16.6113822095817,"MIMICS"
701,11.5866398323731,"MIMICS"
702,10.3178382656739,"MIMICS"
703,11.0373900214969,"MIMICS"
704,12.3336872876129,"MIMICS"
706,7.1321931369631,"MIMICS"
707,10.657855187244,"MIMICS"
708,8.58887577713564,"MIMICS"
709,30.1784043919865,"MIMICS"
710,36.9274560447547,"MIMICS"
711,40.1156074366012,"MIMICS"
712,19.8893214069824,"MIMICS"
713,32.8445952582834,"MIMICS"
714,21.5851893815327,"MIMICS"
716,28.0620510347362,"MIMICS"
717,25.3262789367231,"MIMICS"
718,28.5162549607133,"MIMICS"
719,29.4451796445756,"MIMICS"
720,25.0193858808076,"MIMICS"
721,21.7001097505114,"MIMICS"
722,30.3384690980927,"MIMICS"
723,25.9611459695652,"MIMICS"
724,32.4426539734889,"MIMICS"
725,38.2170143256812,"MIMICS"
726,20.303258807472,"MIMICS"
727,27.2157660886837,"MIMICS"
728,26.1091140647462,"MIMICS"
729,24.6764737795545,"MIMICS"
730,28.0545522247879,"MIMICS"
731,30.0025078363563,"MIMICS"
732,29.9152436582597,"MIMICS"
733,22.5637867257462,"MIMICS"
734,19.9758264535636,"MIMICS"
735,23.1016869808114,"MIMICS"
736,28.4974653771598,"MIMICS"
737,23.0453416186064,"MIMICS"
738,26.7277625747032,"MIMICS"
739,28.34624436744,"MIMICS"
740,28.459587372774,"MIMICS"
741,37.8738651662662,"MIMICS"
742,29.3363521325037,"MIMICS"
743,19.8876203466055,"MIMICS"
744,31.9765505013868,"MIMICS"
745,23.0922513950277,"MIMICS"
746,33.5001561873498,"MIMICS"
747,31.7275928456739,"MIMICS"
748,26.3871298408222,"MIMICS"
749,24.5792119676767,"MIMICS"
750,22.167887395381,"MIMICS"
751,19.5827403429902,"MIMICS"
752,37.1783696154254,"MIMICS"
753,32.6470985307603,"MIMICS"
754,24.4547682838767,"MIMICS"
755,25.0336270453406,"MIMICS"
756,19.2789969661728,"MIMICS"
757,26.2452538575727,"MIMICS"
758,24.7324388287921,"MIMICS"
759,22.5249453200654,"MIMICS"
760,29.2233497015302,"MIMICS"
761,37.3826539895687,"MIMICS"
762,27.9377054964893,"MIMICS"
763,31.8118236122499,"MIMICS"
764,26.0169815264289,"MIMICS"
765,30.288893090665,"MIMICS"
766,37.4906673094824,"MIMICS"
767,24.2503326158927,"MIMICS"
768,22.2013648280347,"MIMICS"
769,28.6585639510638,"MIMICS"
770,27.9239342645131,"MIMICS"
771,26.0951204362961,"MIMICS"
772,23.9723176821045,"MIMICS"
773,24.4753665519484,"MIMICS"
774,28.1856434292484,"MIMICS"
775,28.1107347917759,"MIMICS"
776,25.392230699178,"MIMICS"
777,22.6203480437511,"MIMICS"
778,27.5033915488536,"MIMICS"
779,30.1986082331705,"MIMICS"
780,27.9193234783067,"MIMICS"
781,36.6765398945621,"MIMICS"
782,29.7561040680476,"MIMICS"
783,23.065194686372,"MIMICS"
784,30.2236996549997,"MIMICS"
785,30.7435390613988,"MIMICS"
786,23.483952965711,"MIMICS"
787,22.757394929677,"MIMICS"
788,21.8902938621318,"MIMICS"
789,22.02077441795,"MIMICS"
790,18.4620609399311,"MIMICS"
791,30.4586023114564,"MIMICS"
792,23.2564473180713,"MIMICS"
793,17.7179902401609,"MIMICS"
794,34.9133433168328,"MIMICS"
795,15.9083927382903,"MIMICS"
796,19.4906068479047,"MIMICS"
797,35.4013449469355,"MIMICS"
798,24.784876481002,"MIMICS"
799,20.4580725438348,"MIMICS"
800,26.3806392104101,"MIMICS"
801,20.9926403547752,"MIMICS"
802,24.0577103171897,"MIMICS"
803,29.8292086540748,"MIMICS"
804,22.5471173056879,"MIMICS"
805,23.0231141099245,"MIMICS"
806,29.2168806163258,"MIMICS"
807,24.468361524215,"MIMICS"
808,26.2942602410128,"MIMICS"
809,24.2592421617666,"MIMICS"
810,21.753383133544,"MIMICS"
811,24.9128219027024,"MIMICS"
812,0,"MIMICS"
813,0,"MIMICS"
814,0,"MIMICS"
815,0.292772536734123,"MIMICS"
816,0,"MIMICS"
817,0,"MIMICS"
818,0,"MIMICS"
819,0,"MIMICS"
820,0,"MIMICS"
821,0,"MIMICS"
822,0,"MIMICS"
823,0,"MIMICS"
824,0.537693483850359,"MIMICS"
825,4.02985439003296,"MIMICS"
826,3.95922126740052,"MIMICS"
827,3.92855114812381,"MIMICS"
828,4.92714946430211,"MIMICS"
829,4.28794482383209,"MIMICS"
830,3.97276151118158,"MIMICS"
831,3.87902635092762,"MIMICS"
832,0.580857682617889,"MIMICS"
833,0,"MIMICS"
835,0,"MIMICS"
836,9.08991550351042,"MIMICS"
837,6.20987693501695,"MIMICS"
838,4.81255293579181,"MIMICS"
839,4.6547347384988,"MIMICS"
840,5.3797917084145,"MIMICS"
841,5.35764966799645,"MIMICS"
842,4.66535761107962,"MIMICS"
843,4.80706083910609,"MIMICS"
844,11.813355525037,"MIMICS"
845,12.3731856999364,"MIMICS"
846,15.9234821922175,"MIMICS"
847,10.2503563220932,"MIMICS"
848,12.3481382097977,"MIMICS"
849,9.48167291535493,"MIMICS"
850,6.10612719698234,"MIMICS"
851,5.86902253608148,"MIMICS"
852,5.8591561070853,"MIMICS"
853,6.97007982306232,"MIMICS"
854,5.9764715441713,"MIMICS"
855,6.62293775188428,"MIMICS"
856,5.57727027625468,"MIMICS"
857,5.78440573693348,"MIMICS"
858,6.7354965416351,"MIMICS"
859,12.0560382818448,"MIMICS"
860,13.7262103027983,"MIMICS"
861,21.8746104306969,"MIMICS"
863,13.3551355221079,"MIMICS"
864,11.073890146803,"MIMICS"
865,13.5610666652112,"MIMICS"
866,12.6806992220962,"MIMICS"
867,19.3532589956996,"MIMICS"
868,14.3845805702624,"MIMICS"
869,20.1369356402335,"MIMICS"
870,14.0649808810078,"MIMICS"
871,10.0222825603992,"MIMICS"
872,15.9082390119439,"MIMICS"
873,11.4692117122391,"MIMICS"
874,16.7815401665691,"MIMICS"
875,14.3028908708559,"MIMICS"
876,29.9098706372291,"MIMICS"
877,14.5997683708049,"MIMICS"
878,12.8956635996877,"MIMICS"
879,18.8080151172826,"MIMICS"
880,17.8333891320518,"MIMICS"
881,11.6923231634211,"MIMICS"
882,10.2134476790847,"MIMICS"
883,10.5359002884545,"MIMICS"
884,9.46342844878471,"MIMICS"
885,15.87313804364,"MIMICS"
886,6.82353168671709,"MIMICS"
887,8.26693626080689,"MIMICS"
888,6.80571109262993,"MIMICS"
889,9.09563507019652,"MIMICS"
890,12.5978992950176,"MIMICS"
891,6.54364199988512,"MIMICS"
892,5.45337038883063,"MIMICS"
893,8.43788468066658,"MIMICS"
894,6.4719983133083,"MIMICS"
895,5.29660325367038,"MIMICS"
896,4.80756844560344,"MIMICS"
897,4.95127209850534,"MIMICS"
898,4.93208815465707,"MIMICS"
899,4.76698079700986,"MIMICS"
900,4.85238734987577,"MIMICS"
901,6.46587514692561,"MIMICS"
902,4.87243534485971,"MIMICS"
903,5.02180125168829,"MIMICS"
905,5.9235379103164,"MIMICS"
907,5.36394969447191,"MIMICS"
908,10.1566411057478,"MIMICS"
909,6.5252297125743,"MIMICS"
910,5.89132236100394,"MIMICS"
911,5.52933419036231,"MIMICS"
913,17.5446971653161,"MIMICS"
914,23.162450177655,"MIMICS"
915,10.3627335562386,"MIMICS"
916,6.4430188374174,"MIMICS"
917,6.32202791595308,"MIMICS"
919,10.7228364760439,"MIMICS"
920,6.16586973277078,"MIMICS"
921,8.10201901514442,"MIMICS"
922,10.000896212661,"MIMICS"
923,7.96245060559284,"MIMICS"
924,9.57740286219707,"MIMICS"
925,11.4689908090793,"MIMICS"
926,10.1291326256643,"MIMICS"
928,8.66412177682093,"MIMICS"
929,11.3536039345997,"MIMICS"
930,8.73011866798647,"MIMICS"
931,11.3821035802398,"MIMICS"
932,9.44503063782406,"MIMICS"
933,11.200004293177,"MIMICS"
934,25.7017506312208,"MIMICS"
935,23.3408783626939,"MIMICS"
936,13.2724183354288,"MIMICS"
937,30.6657754455032,"MIMICS"
938,9.77590227157187,"MIMICS"
939,10.197086211982,"MIMICS"
940,8.88492888470987,"MIMICS"
941,23.2062299882024,"MIMICS"
942,11.4942702060303,"MIMICS"
943,22.6160162908709,"MIMICS"
944,21.2001323817239,"MIMICS"
945,17.9114065418043,"MIMICS"
946,23.5010656059155,"MIMICS"
947,24.2951820639904,"MIMICS"
948,14.1345278011743,"MIMICS"
949,15.8235224790107,"MIMICS"
950,13.8249033579827,"MIMICS"
951,23.8978837455507,"MIMICS"
952,16.7492980174052,"MIMICS"
953,17.5084507211003,"MIMICS"
955,14.5563110153582,"MIMICS"
956,22.2529177807529,"MIMICS"
957,23.1094354565093,"MIMICS"
958,13.1860726227476,"MIMICS"
959,8.53271153669306,"MIMICS"
960,13.3146015450765,"MIMICS"
961,8.78467739528851,"MIMICS"
962,11.2763368671953,"MIMICS"
963,9.63539135921502,"MIMICS"
964,10.8275713239886,"MIMICS"
965,18.1095927376086,"MIMICS"
966,11.6876033146524,"MIMICS"
967,15.9904944587713,"MIMICS"
968,11.4853213773462,"MIMICS"
970,11.5177156222536,"MIMICS"
971,10.9911007717907,"MIMICS"
972,10.6722072240752,"MIMICS"
973,12.285961495027,"MIMICS"
974,13.0234696678068,"MIMICS"
975,10.6933733827876,"MIMICS"
976,12.9776697802318,"MIMICS"
978,13.647801459041,"MIMICS"
979,11.2468014984523,"MIMICS"
980,9.18331797637931,"MIMICS"
981,10.7595202381089,"MIMICS"
982,17.2523435037941,"MIMICS"
984,8.52911618464781,"MIMICS"
1,4.43861359818684,"Millennial"
2,4.54109882662577,"Millennial"
3,4.26856791281596,"Millennial"
4,4.61322222040826,"Millennial"
5,5.17917252970575,"Millennial"
6,4.39266054205079,"Millennial"
7,4.00903751400317,"Millennial"
8,4.39444742144815,"Millennial"
9,4.68290658889097,"Millennial"
10,4.90575276963575,"Millennial"
11,4.55878930122904,"Millennial"
12,4.29191237427303,"Millennial"
13,4.4041462042155,"Millennial"
14,4.33934109190131,"Millennial"
15,4.71763240784286,"Millennial"
16,4.53718933192036,"Millennial"
17,4.092152925631,"Millennial"
18,4.21029597666178,"Millennial"
19,3.95887344638068,"Millennial"
20,3.75947736896624,"Millennial"
21,2.53292541231893,"Millennial"
22,3.70022345486243,"Millennial"
26,4.62172787547791,"Millennial"
27,4.96210989998243,"Millennial"
28,4.19355137202867,"Millennial"
30,4.54960297873242,"Millennial"
31,4.64722865149226,"Millennial"
32,4.72705788598592,"Millennial"
33,4.3785419940312,"Millennial"
34,5.08849964187992,"Millennial"
35,4.51376167911418,"Millennial"
36,4.27790162433252,"Millennial"
37,4.7783297633086,"Millennial"
38,4.75205051481999,"Millennial"
39,3.72708713971592,"Millennial"
40,1.15012243768729,"Millennial"
41,2.82680536710167,"Millennial"
42,1.91796177308625,"Millennial"
43,4.17768005006558,"Millennial"
44,3.93247135239672,"Millennial"
45,3.07236810097484,"Millennial"
46,2.34170744758361,"Millennial"
47,1.53947838836847,"Millennial"
48,4.09980985763978,"Millennial"
49,2.6238073808598,"Millennial"
50,4.35948768355366,"Millennial"
51,24.973795599639,"Millennial"
54,3.56052759073967,"Millennial"
55,3.64063173515989,"Millennial"
60,2.74343263990882,"Millennial"
63,4.86666845015184,"Millennial"
66,4.63690499894115,"Millennial"
77,3.9812188959666,"Millennial"
84,3.71361403636466,"Millennial"
91,3.09469672094526,"Millennial"
102,4.21005504224442,"Millennial"
110,3.43040697854009,"Millennial"
118,3.58413408879663,"Millennial"
121,3.56072427866968,"Millennial"
146,4.23222195254656,"Millennial"
150,3.59999553273765,"Millennial"
159,4.08445049123063,"Millennial"
166,3.45352870483678,"Millennial"
193,4.11428418159376,"Millennial"
194,4.14268831206107,"Millennial"
195,4.1269427038514,"Millennial"
196,4.0631392122774,"Millennial"
197,4.0153505823835,"Millennial"
198,4.19655377843579,"Millennial"
199,3.91667842892041,"Millennial"
200,3.97004236620493,"Millennial"
201,4.04403705498543,"Millennial"
202,4.07881460484621,"Millennial"
203,3.8887961029129,"Millennial"
204,4.08501797240191,"Millennial"
205,4.01704876829968,"Millennial"
206,4.01666921052625,"Millennial"
207,4.19611627517521,"Millennial"
208,3.9937556050585,"Millennial"
209,4.00063515791937,"Millennial"
210,3.94090495031531,"Millennial"
211,4.05435409957369,"Millennial"
212,3.92149043527386,"Millennial"
213,4.07380416981815,"Millennial"
216,4.1968610149334,"Millennial"
217,4.29690368077965,"Millennial"
218,3.94890811862795,"Millennial"
219,3.65184050913738,"Millennial"
220,3.97255716411428,"Millennial"
221,4.10479048411861,"Millennial"
222,3.86917967526113,"Millennial"
223,4.10507380499711,"Millennial"
224,4.04742991293668,"Millennial"
225,3.84121846962881,"Millennial"
226,3.99723434283961,"Millennial"
227,3.73835037641555,"Millennial"
228,3.68049898820008,"Millennial"
229,3.99860393640528,"Millennial"
230,3.66065675002335,"Millennial"
231,4.08887611146327,"Millennial"
232,3.91162524412976,"Millennial"
233,3.95867580409133,"Millennial"
234,4.02970466892408,"Millennial"
235,4.05212522838983,"Millennial"
236,4.20399293179403,"Millennial"
237,4.15223187860085,"Millennial"
238,4.08904784154575,"Millennial"
239,4.14128881256486,"Millennial"
241,3.03623952871014,"Millennial"
242,3.05864590878157,"Millennial"
243,2.97148737759511,"Millennial"
244,3.04637600554598,"Millennial"
245,3.02984445202806,"Millennial"
246,3.27404493161137,"Millennial"
247,2.4080109344351,"Millennial"
249,3.06464063404226,"Millennial"
250,2.89168034574013,"Millennial"
251,2.65904469376914,"Millennial"
253,3.09057801128461,"Millennial"
254,2.97258730225483,"Millennial"
255,2.96599387627903,"Millennial"
257,2.9905325117511,"Millennial"
258,2.91470674287208,"Millennial"
259,3.08834451259977,"Millennial"
260,3.10546030386911,"Millennial"
261,2.93585725609348,"Millennial"
262,3.3288067628841,"Millennial"
263,3.37879791690064,"Millennial"
264,3.48717086375537,"Millennial"
265,3.04192549130722,"Millennial"
266,3.56940158217503,"Millennial"
267,3.11646519387123,"Millennial"
268,3.04339829424928,"Millennial"
269,2.98449092894508,"Millennial"
270,3.00045128940293,"Millennial"
271,3.03041651214764,"Millennial"
273,3.02122299705384,"Millennial"
274,2.78600109538698,"Millennial"
275,3.10411845068988,"Millennial"
276,3.07429926723829,"Millennial"
278,2.91289299618743,"Millennial"
283,20.2610390910793,"Millennial"
286,31.9098223130454,"Millennial"
287,23.0577014912098,"Millennial"
288,31.0391915382808,"Millennial"
289,28.8881970683879,"Millennial"
290,31.6699722791114,"Millennial"
291,20.7770487140488,"Millennial"
292,36.0927174711486,"Millennial"
293,35.1783700753603,"Millennial"
294,33.7688846813672,"Millennial"
295,15.0829253623848,"Millennial"
296,6.83412587525962,"Millennial"
297,35.2449458239632,"Millennial"
298,17.0567685130948,"Millennial"
299,21.6539186834682,"Millennial"
300,8.45562079645516,"Millennial"
301,9.70836987473706,"Millennial"
302,19.17530412832,"Millennial"
303,14.6487643990508,"Millennial"
306,36.3624940774694,"Millennial"
309,22.0628150494808,"Millennial"
310,22.0710896543877,"Millennial"
311,17.9565503317672,"Millennial"
319,10.2713283324934,"Millennial"
320,14.8025567932737,"Millennial"
321,21.3615831186442,"Millennial"
322,32.9431569970631,"Millennial"
323,26.620042415634,"Millennial"
324,21.5982809072391,"Millennial"
325,32.689635688443,"Millennial"
326,32.3731353916006,"Millennial"
327,22.8902425817236,"Millennial"
328,25.8665681055002,"Millennial"
329,26.0042813509159,"Millennial"
330,31.4427931303242,"Millennial"
331,15.6347080209678,"Millennial"
332,14.9125903555555,"Millennial"
333,25.4627735194422,"Millennial"
334,2.21620698039044,"Millennial"
335,1.97240768658746,"Millennial"
336,22.376903611237,"Millennial"
338,33.2638562905334,"Millennial"
339,3.18915253476583,"Millennial"
340,3.07770032035481,"Millennial"
341,3.07977537068993,"Millennial"
342,3.05093003216117,"Millennial"
343,2.9808823406221,"Millennial"
344,2.75881628517875,"Millennial"
345,2.85114478628445,"Millennial"
346,2.89408859153163,"Millennial"
347,2.98810622253525,"Millennial"
348,2.60383602363592,"Millennial"
349,2.87190781140836,"Millennial"
350,2.53703431882434,"Millennial"
351,2.90138053355513,"Millennial"
352,3.16057076151367,"Millennial"
353,2.97289854863167,"Millennial"
354,2.76720432731628,"Millennial"
355,3.26324892647355,"Millennial"
356,3.30849525225811,"Millennial"
357,2.90709052743642,"Millennial"
358,3.18529728480804,"Millennial"
359,3.26015645760774,"Millennial"
360,2.88028979944773,"Millennial"
361,2.95281407911102,"Millennial"
362,3.12087889901851,"Millennial"
363,2.93859228488718,"Millennial"
364,2.74620367815369,"Millennial"
365,3.06455951437542,"Millennial"
366,2.63184565938758,"Millennial"
367,2.87664928857432,"Millennial"
368,2.70319306577911,"Millennial"
369,2.76846387146268,"Millennial"
370,3.06497347054334,"Millennial"
371,2.73395448465052,"Millennial"
372,2.76291950217421,"Millennial"
373,3.06511170537265,"Millennial"
374,3.08162105769029,"Millennial"
375,2.8859351513047,"Millennial"
376,3.05755751933131,"Millennial"
377,3.06718964143606,"Millennial"
378,3.09146450885976,"Millennial"
379,2.84779751391346,"Millennial"
380,2.95758042611479,"Millennial"
381,2.84897956177791,"Millennial"
382,2.46712891712133,"Millennial"
383,3.00224765112842,"Millennial"
384,2.91577513522256,"Millennial"
386,3.08167056448723,"Millennial"
387,3.09867581412147,"Millennial"
388,3.13474211276034,"Millennial"
389,3.0037606782193,"Millennial"
390,3.01588048188656,"Millennial"
391,2.917310611854,"Millennial"
392,2.89157872897408,"Millennial"
393,2.65718019995762,"Millennial"
394,2.86018331850968,"Millennial"
395,2.7728178384836,"Millennial"
396,3.0748547164921,"Millennial"
397,3.08391285966182,"Millennial"
398,3.19534892709122,"Millennial"
399,2.36074167231577,"Millennial"
400,2.39659235268722,"Millennial"
401,2.28011733944178,"Millennial"
402,2.77170868443016,"Millennial"
403,2.46251252057645,"Millennial"
404,3.4039209802582,"Millennial"
405,3.12623040402715,"Millennial"
406,4.08237450834153,"Millennial"
407,4.20227572672772,"Millennial"
408,4.31585915391559,"Millennial"
409,4.39214327870838,"Millennial"
410,3.99199984381216,"Millennial"
411,3.86512389804682,"Millennial"
412,4.63281033982639,"Millennial"
413,4.29724679745114,"Millennial"
415,5.25593328424208,"Millennial"
417,5.24783415339383,"Millennial"
418,5.62527351472189,"Millennial"
419,5.03167645159263,"Millennial"
420,4.57645887330683,"Millennial"
421,4.73427004472118,"Millennial"
422,4.64951897190433,"Millennial"
423,4.77315754386494,"Millennial"
424,4.58358663055934,"Millennial"
425,4.63295980450576,"Millennial"
426,4.63370540253947,"Millennial"
427,4.59204757065001,"Millennial"
429,4.94315309316268,"Millennial"
430,4.6297933522573,"Millennial"
431,4.7173585331826,"Millennial"
432,5.0524007363021,"Millennial"
433,4.9263563453625,"Millennial"
434,5.01780681691254,"Millennial"
435,4.47173499331432,"Millennial"
436,4.33107994114835,"Millennial"
437,4.80724556155996,"Millennial"
439,4.38039474958877,"Millennial"
440,4.28559982888463,"Millennial"
441,4.82194150501048,"Millennial"
442,4.36968411750731,"Millennial"
443,4.84466062618423,"Millennial"
444,4.18072311528947,"Millennial"
445,4.15247170164802,"Millennial"
446,4.29513393231313,"Millennial"
447,4.35436590274707,"Millennial"
448,4.14337874931248,"Millennial"
449,3.83502148192901,"Millennial"
450,3.98457008409102,"Millennial"
451,4.11503970382537,"Millennial"
452,4.63735845923644,"Millennial"
454,4.54257618033473,"Millennial"
455,4.15880273722158,"Millennial"
456,4.21007584035324,"Millennial"
457,4.05479136046933,"Millennial"
458,4.29226282929425,"Millennial"
460,4.35198482749824,"Millennial"
461,8.10237890696746,"Millennial"
462,11.1035634815343,"Millennial"
463,11.2539274620883,"Millennial"
464,10.6879466119743,"Millennial"
465,7.62375592808737,"Millennial"
466,10.4602371290987,"Millennial"
467,12.6320688244888,"Millennial"
468,27.4587822007978,"Millennial"
469,36.2607924723666,"Millennial"
470,21.8218709803891,"Millennial"
472,26.451437825723,"Millennial"
473,10.2381465679811,"Millennial"
474,9.82889861176488,"Millennial"
475,9.0745104309754,"Millennial"
476,11.4921639762637,"Millennial"
477,10.9699714211025,"Millennial"
478,8.01080636120259,"Millennial"
479,10.2675845421223,"Millennial"
480,35.3471230313184,"Millennial"
481,27.6076556979456,"Millennial"
482,19.4278716848932,"Millennial"
483,9.19325639702963,"Millennial"
484,10.062942679347,"Millennial"
485,11.4680270665696,"Millennial"
486,9.32778397036366,"Millennial"
487,11.6037978085298,"Millennial"
488,23.3227919781088,"Millennial"
489,19.9734467986506,"Millennial"
490,18.2419802162696,"Millennial"
492,11.7902148398085,"Millennial"
493,10.7140768259857,"Millennial"
494,9.88690218579503,"Millennial"
495,12.5100085021321,"Millennial"
496,9.73617012508761,"Millennial"
497,8.73182840426902,"Millennial"
498,10.796027995171,"Millennial"
499,9.1478720767503,"Millennial"
500,8.53602796264439,"Millennial"
501,7.95988346683384,"Millennial"
502,20.3160686128013,"Millennial"
503,22.4283708803638,"Millennial"
504,27.014962396546,"Millennial"
505,27.3925172259994,"Millennial"
506,4.77178916000817,"Millennial"
507,4.59648483993468,"Millennial"
508,4.42379292446922,"Millennial"
509,4.97306703686838,"Millennial"
510,4.7923415681912,"Millennial"
511,4.11518130046908,"Millennial"
512,4.65130688990533,"Millennial"
513,4.74545077718706,"Millennial"
514,4.87595185677885,"Millennial"
515,4.87967810212771,"Millennial"
516,4.74321251152505,"Millennial"
517,4.80587873178105,"Millennial"
518,5.11082913024503,"Millennial"
519,4.49370797530292,"Millennial"
520,4.98374364921944,"Millennial"
521,5.42772025886486,"Millennial"
522,5.47613797774832,"Millennial"
523,5.90956864831906,"Millennial"
524,5.08466707830204,"Millennial"
525,4.70792713418597,"Millennial"
526,4.83416832779843,"Millennial"
527,5.05706044166585,"Millennial"
528,4.58848677516603,"Millennial"
529,4.41260824881159,"Millennial"
531,4.99949091404866,"Millennial"
532,5.51588151547821,"Millennial"
533,5.16670251879342,"Millennial"
536,5.66612854117099,"Millennial"
537,5.47441795004984,"Millennial"
538,5.36469641995095,"Millennial"
545,5.62674563459163,"Millennial"
546,6.46606474588496,"Millennial"
548,6.21758508272821,"Millennial"
549,4.86362882116829,"Millennial"
550,4.75231869947752,"Millennial"
551,4.93454833623427,"Millennial"
552,4.72315592700307,"Millennial"
553,4.14815770906161,"Millennial"
554,4.85676099307602,"Millennial"
555,4.97526490713004,"Millennial"
556,4.79094653338375,"Millennial"
557,4.78102931434749,"Millennial"
558,6.0419922399985,"Millennial"
559,5.42825954623867,"Millennial"
560,3.27400959596511,"Millennial"
561,2.83392544901952,"Millennial"
562,3.15785266196982,"Millennial"
563,3.5648297035619,"Millennial"
564,2.69695373723931,"Millennial"
565,3.44442767810235,"Millennial"
566,3.39501631396817,"Millennial"
568,3.19275846365208,"Millennial"
569,3.04341887864715,"Millennial"
570,3.68712448605187,"Millennial"
571,3.11561141267945,"Millennial"
572,3.56233711546841,"Millennial"
573,4.39456612594938,"Millennial"
574,4.5534425923824,"Millennial"
575,5.87572662934063,"Millennial"
576,5.00844777971743,"Millennial"
577,5.0607905437378,"Millennial"
578,2.44766745904273,"Millennial"
579,2.1504952033656,"Millennial"
582,2.23928462882263,"Millennial"
583,2.42788633291171,"Millennial"
585,4.78370840317264,"Millennial"
587,5.12672612717252,"Millennial"
588,6.37439333406562,"Millennial"
589,5.24044307985013,"Millennial"
590,4.71200600920865,"Millennial"
591,6.53254311314349,"Millennial"
592,5.64703853493026,"Millennial"
593,4.11862145708455,"Millennial"
594,4.41369064136279,"Millennial"
595,4.40295387212168,"Millennial"
596,4.04213180239063,"Millennial"
597,4.09613230295763,"Millennial"
598,4.22159062952608,"Millennial"
599,4.12707039818832,"Millennial"
600,4.12437349115214,"Millennial"
601,4.1175268669453,"Millennial"
602,4.12258094268911,"Millennial"
603,4.04183243471351,"Millennial"
604,4.44725109763116,"Millennial"
605,4.19300864355382,"Millennial"
607,4.11999134805789,"Millennial"
608,4.68861393345849,"Millennial"
609,4.0800594434324,"Millennial"
610,4.15191668279116,"Millennial"
611,4.82628551598803,"Millennial"
612,5.39233253752141,"Millennial"
613,4.31516422866227,"Millennial"
614,4.37928036438061,"Millennial"
615,4.20684603946935,"Millennial"
616,4.05970818725515,"Millennial"
617,4.33675350851346,"Millennial"
618,4.01213941195197,"Millennial"
619,4.10220126674386,"Millennial"
620,4.02443102628638,"Millennial"
621,4.62569916178245,"Millennial"
622,4.01819951135461,"Millennial"
623,4.1723709295186,"Millennial"
624,3.905523218911,"Millennial"
625,4.68881286467666,"Millennial"
626,4.55796627168406,"Millennial"
627,4.56427292870792,"Millennial"
628,3.79965151774916,"Millennial"
630,4.13700069267228,"Millennial"
632,4.26458907906826,"Millennial"
633,4.27987104842237,"Millennial"
634,4.03748406481504,"Millennial"
635,4.31633364439542,"Millennial"
636,4.1820951036113,"Millennial"
637,4.03752714713566,"Millennial"
638,4.19039779972656,"Millennial"
639,4.13854850723304,"Millennial"
640,4.19567501185087,"Millennial"
643,4.68702030302407,"Millennial"
644,4.46246703847416,"Millennial"
645,4.50102342615135,"Millennial"
646,4.09055902914781,"Millennial"
648,4.04965750763238,"Millennial"
650,4.07972700028617,"Millennial"
651,4.21075008386035,"Millennial"
652,4.27411301799479,"Millennial"
653,3.92065589302526,"Millennial"
654,4.02986650637404,"Millennial"
655,3.91644623414464,"Millennial"
656,4.31862210496272,"Millennial"
657,4.14910174084013,"Millennial"
658,4.60302758642978,"Millennial"
659,4.4278373232795,"Millennial"
660,4.3921232207456,"Millennial"
662,4.04989664765667,"Millennial"
667,4.75342702127878,"Millennial"
668,4.58294597699645,"Millennial"
669,4.51847657930962,"Millennial"
671,4.24894985155711,"Millennial"
672,4.18069057795283,"Millennial"
673,3.80611924324749,"Millennial"
674,4.19524528320973,"Millennial"
675,4.21176363732364,"Millennial"
676,3.90667771088538,"Millennial"
677,3.96171656279402,"Millennial"
678,3.90483132483821,"Millennial"
679,3.93484405165568,"Millennial"
680,4.76202006624989,"Millennial"
681,4.28731274212584,"Millennial"
682,3.87494460306428,"Millennial"
684,4.58469540796162,"Millennial"
685,4.57592002276154,"Millennial"
686,3.97129828797013,"Millennial"
687,4.01082877084332,"Millennial"
688,4.1666096162871,"Millennial"
689,3.87236882873482,"Millennial"
690,4.12509201209922,"Millennial"
691,3.97303724172246,"Millennial"
692,4.65834832125039,"Millennial"
693,4.16711963800675,"Millennial"
694,3.98147556109424,"Millennial"
695,4.0057400118127,"Millennial"
696,4.27993494018793,"Millennial"
697,4.34454301652957,"Millennial"
698,3.91026327544382,"Millennial"
699,4.43572347962772,"Millennial"
700,3.8712279746051,"Millennial"
701,3.97057799414219,"Millennial"
702,3.8021928432983,"Millennial"
703,4.07869652153702,"Millennial"
704,4.08641740933381,"Millennial"
706,4.31907046325728,"Millennial"
707,4.53969423059935,"Millennial"
708,3.7885315907643,"Millennial"
709,6.12086317624,"Millennial"
710,6.24581423739035,"Millennial"
711,6.28084961097854,"Millennial"
712,5.81239625897064,"Millennial"
713,6.26521381730043,"Millennial"
714,5.78648734188895,"Millennial"
716,6.20657218688424,"Millennial"
717,5.92393372642659,"Millennial"
718,6.20913167550852,"Millennial"
719,6.41047253825835,"Millennial"
720,6.29252761531123,"Millennial"
721,6.07325968749217,"Millennial"
722,6.24626497040475,"Millennial"
723,6.36766953297152,"Millennial"
724,6.36191152560816,"Millennial"
725,6.63700638292887,"Millennial"
726,5.96668306091314,"Millennial"
727,6.5893560178882,"Millennial"
728,6.32138177728687,"Millennial"
729,6.16958990620802,"Millennial"
730,6.62734148838448,"Millennial"
731,6.44054258068028,"Millennial"
732,6.5732042252203,"Millennial"
733,6.32533461578268,"Millennial"
734,5.7753621562183,"Millennial"
735,6.00108273258032,"Millennial"
736,6.51746185107894,"Millennial"
737,6.44835086492191,"Millennial"
738,6.27358363160458,"Millennial"
739,6.39724113102174,"Millennial"
740,6.21185115581141,"Millennial"
741,6.44318859222697,"Millennial"
742,6.52708034550993,"Millennial"
743,5.82260330331365,"Millennial"
744,6.60556903765581,"Millennial"
745,6.23782469214473,"Millennial"
746,6.61661163704471,"Millennial"
747,6.43367903879415,"Millennial"
748,6.43662289401077,"Millennial"
749,6.37204853327412,"Millennial"
750,6.04895105011105,"Millennial"
751,5.80348450041563,"Millennial"
752,6.72415993379057,"Millennial"
753,6.51324378183062,"Millennial"
754,6.11821589999277,"Millennial"
755,6.05352435121851,"Millennial"
756,5.71671306935315,"Millennial"
757,6.47003854415974,"Millennial"
758,6.44197766904936,"Millennial"
759,6.30165846142589,"Millennial"
760,6.3476357062998,"Millennial"
761,6.48278774588665,"Millennial"
762,6.38563970712388,"Millennial"
763,6.40229938970248,"Millennial"
764,6.36263416156944,"Millennial"
765,6.48824717770327,"Millennial"
766,6.41563065569447,"Millennial"
767,6.31810981015808,"Millennial"
768,5.49290223827898,"Millennial"
769,6.5217275863138,"Millennial"
770,6.52974528489492,"Millennial"
771,6.57136436988292,"Millennial"
772,6.47247593695175,"Millennial"
773,6.45432407602919,"Millennial"
774,6.35208212428901,"Millennial"
775,6.64537065571128,"Millennial"
776,6.49591271745618,"Millennial"
777,6.15374125874861,"Millennial"
778,6.48848631925696,"Millennial"
779,6.5758121878127,"Millennial"
780,6.44030931951751,"Millennial"
781,6.66928170843435,"Millennial"
782,6.51905540336206,"Millennial"
783,6.53664560117746,"Millennial"
784,6.62289467224511,"Millennial"
785,6.63146353233824,"Millennial"
786,6.44069425698533,"Millennial"
787,6.38348080612901,"Millennial"
788,6.14094627173547,"Millennial"
789,6.22004185121462,"Millennial"
790,5.64519818790668,"Millennial"
791,6.40207383757905,"Millennial"
792,6.22034467577699,"Millennial"
793,5.71594658449886,"Millennial"
794,6.59473136029525,"Millennial"
795,6.25257862205496,"Millennial"
796,6.17850456007486,"Millennial"
797,6.67058124247232,"Millennial"
798,6.32771042027487,"Millennial"
799,6.23725943758173,"Millennial"
800,6.37457033201275,"Millennial"
801,6.55895473128095,"Millennial"
802,6.2159333818081,"Millennial"
803,6.36193627789267,"Millennial"
804,6.33738025906919,"Millennial"
805,6.38734312540754,"Millennial"
806,6.4770306275078,"Millennial"
807,6.67969632022635,"Millennial"
808,6.21445995807509,"Millennial"
809,6.54792626676135,"Millennial"
810,5.95825720427603,"Millennial"
811,6.31665217865371,"Millennial"
812,1.86206452966656e-05,"Millennial"
813,1.28691455966051e-05,"Millennial"
814,9.54696045587274e-06,"Millennial"
815,2.39765584301745,"Millennial"
816,1.98560950979356e-05,"Millennial"
817,1.48811237696527e-05,"Millennial"
818,1.5244028555743e-05,"Millennial"
819,2.03784096490986e-05,"Millennial"
820,2.18105492648963e-06,"Millennial"
821,1.37295394057694e-05,"Millennial"
822,1.95579269376439e-05,"Millennial"
823,2.0521374243186e-05,"Millennial"
824,4.41557122820806,"Millennial"
825,2.85189258548809,"Millennial"
826,2.93529705266607,"Millennial"
827,2.74227419024731,"Millennial"
828,3.11903193128386,"Millennial"
829,2.93984980375748,"Millennial"
830,2.59919653864447,"Millennial"
831,2.90107313198329,"Millennial"
832,0.250176447860084,"Millennial"
833,4.4728438659592e-06,"Millennial"
835,5.79835153807365e-06,"Millennial"
836,5.69632763454297,"Millennial"
837,4.18145134345021,"Millennial"
838,3.73058334374881,"Millennial"
839,4.49889849958895,"Millennial"
840,4.40151668175588,"Millennial"
841,3.99118340625154,"Millennial"
842,4.79922609166058,"Millennial"
843,4.22660974927189,"Millennial"
844,5.17169647303627,"Millennial"
845,5.20040433448363,"Millennial"
846,5.42685450855409,"Millennial"
847,4.72844246409754,"Millennial"
848,5.33926429179903,"Millennial"
849,4.91144819348329,"Millennial"
850,4.00842249549124,"Millennial"
851,4.09086195888432,"Millennial"
852,4.23147158627368,"Millennial"
853,3.84213149640604,"Millennial"
854,3.37109494550379,"Millennial"
855,3.58487356018459,"Millennial"
856,3.52675212913823,"Millennial"
857,3.3739736574689,"Millennial"
858,3.61629838929778,"Millennial"
859,5.05936616980417,"Millennial"
860,5.0028505031412,"Millennial"
861,5.42629933781303,"Millennial"
863,5.12072170877599,"Millennial"
864,4.77219470873685,"Millennial"
865,4.92903186520662,"Millennial"
866,4.78531903202627,"Millennial"
867,5.43628077045132,"Millennial"
868,5.23967116482826,"Millennial"
869,5.61234877475791,"Millennial"
870,5.30641196734738,"Millennial"
871,5.31045265047204,"Millennial"
872,5.40130330699795,"Millennial"
873,5.39491618371869,"Millennial"
874,5.50649198602816,"Millennial"
875,5.44217274985264,"Millennial"
876,5.70270619159971,"Millennial"
877,5.25509015496415,"Millennial"
878,5.45158635315564,"Millennial"
879,5.28724784945643,"Millennial"
880,5.184340896677,"Millennial"
881,4.83102258755658,"Millennial"
882,4.62859199038991,"Millennial"
883,4.31655035075506,"Millennial"
884,4.58229217278158,"Millennial"
885,4.59679936981065,"Millennial"
886,3.62344809928071,"Millennial"
887,4.17887830136935,"Millennial"
888,4.06022745627963,"Millennial"
889,4.26971325363392,"Millennial"
890,4.72278830919136,"Millennial"
891,3.82281621248262,"Millennial"
892,2.87273492194557,"Millennial"
893,4.27561016169961,"Millennial"
894,3.76606864955511,"Millennial"
895,3.37131433181902,"Millennial"
896,1.95972699586883,"Millennial"
897,2.72275823347196,"Millennial"
898,3.36428883402904,"Millennial"
899,2.36524685916152,"Millennial"
900,2.20286792187615,"Millennial"
901,2.67170178676863,"Millennial"
902,1.97227736390912,"Millennial"
903,2.75703230470167,"Millennial"
905,3.11623334631366,"Millennial"
907,2.7884785262231,"Millennial"
908,3.47386095242151,"Millennial"
909,3.45882523237185,"Millennial"
910,3.15611786336544,"Millennial"
911,2.72226527855468,"Millennial"
913,5.25751632357843,"Millennial"
914,5.45092624321547,"Millennial"
915,5.53746604502031,"Millennial"
916,3.22707497070067,"Millennial"
917,3.25906361692564,"Millennial"
919,4.29279130754844,"Millennial"
920,2.73140401298617,"Millennial"
921,3.75763585405836,"Millennial"
922,4.22642925215261,"Millennial"
923,3.97128436471838,"Millennial"
924,4.35868180854228,"Millennial"
925,5.33697596512643,"Millennial"
926,4.6396941779238,"Millennial"
928,4.63187664023595,"Millennial"
929,4.7665619844883,"Millennial"
930,4.35338649681278,"Millennial"
931,4.84731767978908,"Millennial"
932,4.31424187157327,"Millennial"
933,4.62964959128909,"Millennial"
934,5.01284029187447,"Millennial"
935,4.95097149200706,"Millennial"
936,4.3140134972906,"Millennial"
937,4.97624612973703,"Millennial"
938,4.26974248997186,"Millennial"
939,4.49010958321412,"Millennial"
940,4.1673477281609,"Millennial"
941,4.97884702684374,"Millennial"
942,4.6961011686427,"Millennial"
943,4.82556037950422,"Millennial"
944,4.71917610115335,"Millennial"
945,4.22230214794009,"Millennial"
946,5.11324673529718,"Millennial"
947,4.85758579535479,"Millennial"
948,4.7789510834312,"Millennial"
949,4.89325661027053,"Millennial"
950,4.40299254204189,"Millennial"
951,5.02690753169876,"Millennial"
952,4.73068322338999,"Millennial"
953,4.61128602972346,"Millennial"
955,4.61982536982401,"Millennial"
956,5.06422395973436,"Millennial"
957,5.11273855531791,"Millennial"
958,4.92101098356858,"Millennial"
959,4.93566630431795,"Millennial"
960,5.34625305554719,"Millennial"
961,4.92285353939458,"Millennial"
962,4.89795323522704,"Millennial"
963,4.6510384359023,"Millennial"
964,4.8352662808727,"Millennial"
965,5.22985280041985,"Millennial"
966,5.19187238549312,"Millennial"
967,5.43755547815068,"Millennial"
968,5.23937968682549,"Millennial"
970,5.38660187747374,"Millennial"
971,5.30690682875808,"Millennial"
972,5.47631753589476,"Millennial"
973,5.35674973751031,"Millennial"
974,5.42367896121329,"Millennial"
975,5.60470020832757,"Millennial"
976,5.49400120560593,"Millennial"
978,5.602836807777,"Millennial"
979,5.51577024514811,"Millennial"
980,5.10097849617558,"Millennial"
981,4.63474063290761,"Millennial"
982,5.22496742786974,"Millennial"
984,4.64732842575816,"Millennial"
1,1.7688,"Observed"
2,3.5108,"Observed"
3,1.768,"Observed"
4,1.3824,"Observed"
5,2.6598,"Observed"
6,2.842,"Observed"
7,2.8116,"Observed"
8,3.416,"Observed"
9,2.145,"Observed"
10,1.5288,"Observed"
11,5.5282,"Observed"
12,5.217,"Observed"
13,5.2136,"Observed"
14,3.2928,"Observed"
15,1.5264,"Observed"
16,8.3022,"Observed"
17,2.5208,"Observed"
18,3.3232,"Observed"
19,1.421,"Observed"
20,1.6576,"Observed"
21,0.87,"Observed"
22,0.986,"Observed"
23,1.6992,"Observed"
24,4.4892,"Observed"
25,2.3408,"Observed"
26,3.3798,"Observed"
27,5.8624,"Observed"
28,2.1754,"Observed"
29,5.4312,"Observed"
30,2.233,"Observed"
31,2.6384,"Observed"
32,6.864,"Observed"
33,6.016,"Observed"
34,7.398,"Observed"
35,8.19,"Observed"
36,4.8246,"Observed"
37,2.8016,"Observed"
38,5.1992,"Observed"
39,2.6132,"Observed"
40,1.6416,"Observed"
41,2.7832,"Observed"
42,2.744,"Observed"
43,1.9738,"Observed"
44,1.798,"Observed"
45,3.1392,"Observed"
46,1.2212,"Observed"
47,1.988,"Observed"
48,1.9162,"Observed"
49,1.0152,"Observed"
50,2.4104,"Observed"
51,2.3254,"Observed"
52,1.0728,"Observed"
53,1.359,"Observed"
54,2.01,"Observed"
55,1.568,"Observed"
56,3.8086,"Observed"
57,2.912,"Observed"
58,2.044,"Observed"
59,1.148,"Observed"
60,1.4664,"Observed"
61,1.3064,"Observed"
62,1.7484,"Observed"
63,2.436,"Observed"
64,1.428,"Observed"
65,1.26,"Observed"
66,3.22,"Observed"
67,2.0294,"Observed"
68,3.2148,"Observed"
69,2.6412,"Observed"
70,1.876,"Observed"
71,6.048,"Observed"
72,1.792,"Observed"
73,1.4904,"Observed"
74,4.002,"Observed"
75,1.1398,"Observed"
76,1.316,"Observed"
77,1.9738,"Observed"
78,1.316,"Observed"
79,2.641,"Observed"
80,2.856,"Observed"
81,3.9198,"Observed"
82,3.388,"Observed"
83,3.2804,"Observed"
84,3.0024,"Observed"
85,2.1128,"Observed"
86,2.3564,"Observed"
87,2.7876,"Observed"
88,3.2606,"Observed"
89,3.9456,"Observed"
90,2.6852,"Observed"
91,1.8744,"Observed"
92,5.8512,"Observed"
93,2.0016,"Observed"
94,2.363,"Observed"
95,5.292,"Observed"
96,5.0592,"Observed"
97,2.272,"Observed"
98,2.072,"Observed"
99,1.809,"Observed"
100,1.9182,"Observed"
101,2.192,"Observed"
102,2.2356,"Observed"
103,1.932,"Observed"
104,1.6958,"Observed"
105,2.7522,"Observed"
106,1.7664,"Observed"
107,1.104,"Observed"
108,4.9206,"Observed"
109,1.484,"Observed"
110,3.164,"Observed"
111,1.5846,"Observed"
112,1.9176,"Observed"
113,2.0572,"Observed"
114,2.6966,"Observed"
115,0.994,"Observed"
116,2.3074,"Observed"
117,1.3622,"Observed"
118,1.596,"Observed"
119,2.3184,"Observed"
120,1.624,"Observed"
121,1.6638,"Observed"
122,4.312,"Observed"
123,2.856,"Observed"
124,4.5314,"Observed"
125,1.974,"Observed"
126,3.8916,"Observed"
127,1.9182,"Observed"
128,4.592,"Observed"
129,3.9754,"Observed"
130,3.164,"Observed"
131,3.2844,"Observed"
132,2.256,"Observed"
133,4.76,"Observed"
134,1.6302,"Observed"
135,2.6696,"Observed"
136,1.9584,"Observed"
137,1.9872,"Observed"
138,1.827,"Observed"
139,3.0888,"Observed"
140,1.74,"Observed"
141,2.8512,"Observed"
142,1.716,"Observed"
143,2.397,"Observed"
144,2.5662,"Observed"
145,2.4252,"Observed"
146,1.859,"Observed"
147,2.3616,"Observed"
148,2.3166,"Observed"
149,4.6306,"Observed"
150,1.918,"Observed"
151,6.2604,"Observed"
152,4.0964,"Observed"
153,1.518,"Observed"
154,2.5728,"Observed"
155,2.5756,"Observed"
156,2.085,"Observed"
157,3.699,"Observed"
158,2.754,"Observed"
159,1.781,"Observed"
160,4.5024,"Observed"
161,7.452,"Observed"
162,2.5116,"Observed"
163,6.3042,"Observed"
164,1.218,"Observed"
165,1.9448,"Observed"
166,1.9296,"Observed"
167,2.7548,"Observed"
168,2.5276,"Observed"
169,1.848,"Observed"
170,2.6508,"Observed"
171,3.2148,"Observed"
172,2.408,"Observed"
173,2.5296,"Observed"
174,1.8228,"Observed"
175,2.336,"Observed"
176,2.2776,"Observed"
177,2.2792,"Observed"
178,2.0736,"Observed"
179,2.6884,"Observed"
180,2.059,"Observed"
181,2.717,"Observed"
182,1.9596,"Observed"
183,4.726,"Observed"
184,2.0016,"Observed"
185,1.562,"Observed"
186,1.848,"Observed"
187,5.5664,"Observed"
188,3.2148,"Observed"
189,4.6704,"Observed"
190,3.4056,"Observed"
191,12.0782,"Observed"
192,7.6504,"Observed"
193,15.1164,"Observed"
194,15.1512,"Observed"
195,15.576,"Observed"
196,16.3624,"Observed"
197,11.176,"Observed"
198,13.0644,"Observed"
199,20.2878,"Observed"
200,17.226,"Observed"
201,7.8366,"Observed"
202,12.7238,"Observed"
203,3.6408,"Observed"
204,6.49,"Observed"
205,6.762,"Observed"
206,4.144,"Observed"
207,8.901,"Observed"
208,4.2036,"Observed"
209,6.2272,"Observed"
210,3.7908,"Observed"
211,6.5888,"Observed"
212,8.208,"Observed"
213,9.7888,"Observed"
214,8.257,"Observed"
215,14.0824,"Observed"
216,13.7408,"Observed"
217,15.64,"Observed"
218,6.0256,"Observed"
219,3.996,"Observed"
220,6.164,"Observed"
221,3.938,"Observed"
222,5.2122,"Observed"
223,14.7352,"Observed"
224,8.6346,"Observed"
225,10.6386,"Observed"
226,15.6546,"Observed"
227,2.3088,"Observed"
228,4.4312,"Observed"
229,4.6968,"Observed"
230,3.828,"Observed"
231,7.2306,"Observed"
232,7.9254,"Observed"
233,14.3376,"Observed"
234,8.8218,"Observed"
235,11.9214,"Observed"
236,6.545,"Observed"
237,5.5596,"Observed"
238,7.296,"Observed"
239,10.4562,"Observed"
240,7.2576,"Observed"
241,20.774,"Observed"
242,6.4,"Observed"
243,9.372,"Observed"
244,4.7628,"Observed"
245,9.0768,"Observed"
246,8.9662,"Observed"
247,1.014,"Observed"
248,1.8834,"Observed"
249,10.2696,"Observed"
250,6.45,"Observed"
251,4.4802,"Observed"
252,2.6986,"Observed"
253,10.1572,"Observed"
254,9.423,"Observed"
255,10.2442,"Observed"
256,11.466,"Observed"
257,4.9784,"Observed"
258,16.236,"Observed"
259,8.316,"Observed"
260,8.346,"Observed"
261,4.9644,"Observed"
262,7.6728,"Observed"
263,6.7596,"Observed"
264,9.6234,"Observed"
265,9.702,"Observed"
266,16.4864,"Observed"
267,8.5248,"Observed"
268,8.45,"Observed"
269,8.6688,"Observed"
270,6.55,"Observed"
271,6.5792,"Observed"
272,22.4852,"Observed"
273,6.6564,"Observed"
274,4.671,"Observed"
275,10.4272,"Observed"
276,10.894,"Observed"
277,16.978,"Observed"
278,19.474,"Observed"
279,19.404,"Observed"
280,1.1972,"Observed"
281,2.1608,"Observed"
282,1.5288,"Observed"
283,4.5474,"Observed"
284,1.2298,"Observed"
285,0.73,"Observed"
286,1.573,"Observed"
287,1.807,"Observed"
288,0.9344,"Observed"
289,1.2012,"Observed"
290,2.3328,"Observed"
291,1.0868,"Observed"
292,1.8774,"Observed"
293,1.184,"Observed"
294,1.4208,"Observed"
295,0.754,"Observed"
296,0.5292,"Observed"
297,4.727,"Observed"
298,1.5552,"Observed"
299,2.2776,"Observed"
300,0.6174,"Observed"
301,0.576,"Observed"
302,0.5256,"Observed"
303,1.1972,"Observed"
304,1.073,"Observed"
305,0.4704,"Observed"
306,1.2642,"Observed"
307,0.9928,"Observed"
308,1.1544,"Observed"
309,2.001,"Observed"
310,5.5664,"Observed"
311,1.0368,"Observed"
312,1.3432,"Observed"
313,2.03,"Observed"
314,1.9698,"Observed"
315,0.754,"Observed"
316,1.276,"Observed"
317,1.9008,"Observed"
318,0.6204,"Observed"
319,0.522,"Observed"
320,0.5586,"Observed"
321,1.276,"Observed"
322,1.6016,"Observed"
323,0.735,"Observed"
324,0.8294,"Observed"
325,0.8232,"Observed"
326,0.73,"Observed"
327,1.136,"Observed"
328,0.928,"Observed"
329,0.8468,"Observed"
330,1.044,"Observed"
331,0.9052,"Observed"
332,1.314,"Observed"
333,5.4978,"Observed"
334,1.1644,"Observed"
335,0.308,"Observed"
336,3.0956,"Observed"
337,2.2742,"Observed"
338,7.2062,"Observed"
339,5.0546,"Observed"
340,3.0552,"Observed"
341,7.5776,"Observed"
342,3.9168,"Observed"
343,6.943,"Observed"
344,4.192,"Observed"
345,2.2176,"Observed"
346,4.0764,"Observed"
347,2.6136,"Observed"
348,3.936,"Observed"
349,5.226,"Observed"
350,2.8016,"Observed"
351,5.2272,"Observed"
352,5.2138,"Observed"
353,3.2,"Observed"
354,3.7204,"Observed"
355,3.8252,"Observed"
356,3.9038,"Observed"
357,3.6036,"Observed"
358,3.7204,"Observed"
359,6.288,"Observed"
360,4.556,"Observed"
361,3.93,"Observed"
362,6.6464,"Observed"
363,5.6196,"Observed"
364,6.1146,"Observed"
365,4.0698,"Observed"
366,3.325,"Observed"
367,4.2706,"Observed"
368,3.321,"Observed"
369,3.348,"Observed"
370,3.146,"Observed"
371,6.2244,"Observed"
372,2.9344,"Observed"
373,5.1858,"Observed"
374,8.5176,"Observed"
375,5.928,"Observed"
376,5.0566,"Observed"
377,9.675,"Observed"
378,5.4432,"Observed"
379,5.7552,"Observed"
380,2.1488,"Observed"
381,4.08,"Observed"
382,2.546,"Observed"
383,3.3012,"Observed"
384,3.9864,"Observed"
385,5.694,"Observed"
386,7.168,"Observed"
387,7.6288,"Observed"
388,8.1786,"Observed"
389,4.5936,"Observed"
390,5.0384,"Observed"
391,3.5072,"Observed"
392,6.723,"Observed"
393,5.319,"Observed"
394,6.075,"Observed"
395,4.482,"Observed"
396,4.5024,"Observed"
397,5.6012,"Observed"
398,1.3,"Observed"
399,2.574,"Observed"
400,0.9636,"Observed"
401,1.3524,"Observed"
402,3.5108,"Observed"
403,1.269,"Observed"
404,4.608,"Observed"
405,1.8768,"Observed"
406,4.0446,"Observed"
407,4.7736,"Observed"
408,6.1498,"Observed"
409,4.6332,"Observed"
410,6.848,"Observed"
411,1.9928,"Observed"
412,8.858,"Observed"
413,6.231,"Observed"
414,42.944,"Observed"
415,5.4936,"Observed"
416,12.1856,"Observed"
417,10.978,"Observed"
418,8.3712,"Observed"
419,2.3296,"Observed"
420,4.6592,"Observed"
421,4.1496,"Observed"
422,4.117,"Observed"
423,3.608,"Observed"
424,2.3278,"Observed"
425,2.6668,"Observed"
426,5.668,"Observed"
427,4.1514,"Observed"
428,7.5258,"Observed"
429,6.182,"Observed"
430,5.8936,"Observed"
431,5.4142,"Observed"
432,4.0984,"Observed"
433,11.0308,"Observed"
434,14.012,"Observed"
435,2.834,"Observed"
436,3.959,"Observed"
437,5.2704,"Observed"
438,3.672,"Observed"
439,8.064,"Observed"
440,5.8386,"Observed"
441,8.888,"Observed"
442,3.3072,"Observed"
443,5.0112,"Observed"
444,1.3824,"Observed"
445,2.376,"Observed"
446,7.992,"Observed"
447,5.9492,"Observed"
448,2.97,"Observed"
449,2.3484,"Observed"
450,1.1988,"Observed"
451,5.0576,"Observed"
452,4.815,"Observed"
453,2.97,"Observed"
454,5.4864,"Observed"
455,2.9264,"Observed"
456,5.313,"Observed"
457,6.2304,"Observed"
458,3.2148,"Observed"
459,5.9774,"Observed"
460,3.264,"Observed"
461,1.566,"Observed"
462,3.0528,"Observed"
463,2.52,"Observed"
464,2.3738,"Observed"
465,2.482,"Observed"
466,2.1164,"Observed"
467,2.324,"Observed"
468,2.2484,"Observed"
469,2.4708,"Observed"
470,1.6416,"Observed"
471,1.4586,"Observed"
472,1.3724,"Observed"
473,2.7548,"Observed"
474,2.268,"Observed"
475,2.233,"Observed"
476,2.9744,"Observed"
477,2.3904,"Observed"
478,2.793,"Observed"
479,2.2176,"Observed"
480,2.9172,"Observed"
481,2.3572,"Observed"
482,1.2096,"Observed"
483,1.6588,"Observed"
484,1.529,"Observed"
485,1.6074,"Observed"
486,1.3536,"Observed"
487,1.7202,"Observed"
488,2.001,"Observed"
489,2.639,"Observed"
490,1.2556,"Observed"
491,2.1312,"Observed"
492,3.212,"Observed"
493,3.575,"Observed"
494,3.3408,"Observed"
495,2.6784,"Observed"
496,2.9,"Observed"
497,1.0296,"Observed"
498,1.204,"Observed"
499,2.115,"Observed"
500,1.537,"Observed"
501,1.704,"Observed"
502,2.1868,"Observed"
503,1.728,"Observed"
504,2.5404,"Observed"
505,1.4484,"Observed"
506,12.3582,"Observed"
507,5.289,"Observed"
508,3.8052,"Observed"
509,3.3672,"Observed"
510,2.9768,"Observed"
511,1.534,"Observed"
512,3.2508,"Observed"
513,2.928,"Observed"
514,3.6414,"Observed"
515,4.712,"Observed"
516,3.3672,"Observed"
517,3.3154,"Observed"
518,7.5504,"Observed"
519,4.4732,"Observed"
520,2.9044,"Observed"
521,5.7276,"Observed"
522,3.84,"Observed"
523,4.8384,"Observed"
524,10.896,"Observed"
525,2.952,"Observed"
526,7.55,"Observed"
527,9.4428,"Observed"
528,3.7846,"Observed"
529,2.6964,"Observed"
530,3.925,"Observed"
531,12.519,"Observed"
532,9.0312,"Observed"
533,6.182,"Observed"
534,8.3712,"Observed"
535,5.1304,"Observed"
536,5.9364,"Observed"
537,9.483,"Observed"
538,12.9328,"Observed"
539,11.446,"Observed"
540,5.4612,"Observed"
541,6.0138,"Observed"
542,6.171,"Observed"
543,3.5814,"Observed"
544,5.5104,"Observed"
545,16.6576,"Observed"
546,6.5392,"Observed"
547,6.2244,"Observed"
548,22.2398,"Observed"
549,7.434,"Observed"
550,5.808,"Observed"
551,7.192,"Observed"
552,2.5654,"Observed"
553,2.1112,"Observed"
554,9.3632,"Observed"
555,3.7268,"Observed"
556,3.0996,"Observed"
557,4.026,"Observed"
558,7.5284,"Observed"
559,5.9052,"Observed"
560,14.3514,"Observed"
561,12.6854,"Observed"
562,3.5264,"Observed"
563,6.844,"Observed"
564,6.8026,"Observed"
565,10.3056,"Observed"
566,8.376,"Observed"
567,4.5408,"Observed"
568,5.24,"Observed"
569,5.3972,"Observed"
570,3.99,"Observed"
571,4.128,"Observed"
572,6.6264,"Observed"
573,3.1784,"Observed"
574,2.5756,"Observed"
575,12.4396,"Observed"
576,4.1496,"Observed"
577,4.4422,"Observed"
578,1.2956,"Observed"
579,1.422,"Observed"
580,1.6956,"Observed"
581,1.1618,"Observed"
582,1.085,"Observed"
583,0.8624,"Observed"
584,1.8408,"Observed"
585,3.0318,"Observed"
586,0.9362,"Observed"
587,1.4796,"Observed"
588,3.8634,"Observed"
589,2.397,"Observed"
590,1.4734,"Observed"
591,5.0232,"Observed"
592,0.6768,"Observed"
593,5.896,"Observed"
594,5.346,"Observed"
595,6.157,"Observed"
596,5.4944,"Observed"
597,4.0866,"Observed"
598,5.699,"Observed"
599,3.078,"Observed"
600,6.2304,"Observed"
601,5.7084,"Observed"
602,4.482,"Observed"
603,4.7472,"Observed"
604,6.4768,"Observed"
605,4.4856,"Observed"
606,4.2496,"Observed"
607,6.45,"Observed"
608,10.1136,"Observed"
609,5.6232,"Observed"
610,4.498,"Observed"
611,5.1832,"Observed"
612,13.9,"Observed"
613,2.938,"Observed"
614,12.2724,"Observed"
615,7.3014,"Observed"
616,7.8432,"Observed"
617,5.5372,"Observed"
618,3.6418,"Observed"
619,5.95,"Observed"
620,10.7384,"Observed"
621,9.204,"Observed"
622,4.6482,"Observed"
623,9.272,"Observed"
624,3.654,"Observed"
625,8.5116,"Observed"
626,10.9716,"Observed"
627,5.4234,"Observed"
628,7.5852,"Observed"
629,31.1658,"Observed"
630,5.9048,"Observed"
631,9.9314,"Observed"
632,7.2,"Observed"
633,7.3656,"Observed"
634,13.625,"Observed"
635,6.3736,"Observed"
636,10.7748,"Observed"
637,13.7144,"Observed"
638,10.4302,"Observed"
639,9.9946,"Observed"
640,4.92,"Observed"
641,20.6426,"Observed"
643,4.225,"Observed"
644,10.8712,"Observed"
645,10.504,"Observed"
646,5.5212,"Observed"
647,3.8354,"Observed"
648,7.6962,"Observed"
649,10.8032,"Observed"
650,8.06,"Observed"
651,7.2,"Observed"
652,7.3788,"Observed"
653,12.125,"Observed"
654,4.7376,"Observed"
655,6.2,"Observed"
656,14.1024,"Observed"
657,6.4664,"Observed"
658,6.095,"Observed"
659,6.216,"Observed"
660,9.7232,"Observed"
661,13.9712,"Observed"
662,6.8782,"Observed"
663,6.1,"Observed"
664,5.64,"Observed"
665,10.65,"Observed"
666,8.211,"Observed"
667,10.406,"Observed"
668,11.193,"Observed"
669,9.3534,"Observed"
670,9.3396,"Observed"
671,10.6386,"Observed"
672,7.5446,"Observed"
673,12.177,"Observed"
674,5.5216,"Observed"
675,7.512,"Observed"
676,12.4388,"Observed"
677,10.5028,"Observed"
678,10.848,"Observed"
679,10.0878,"Observed"
680,16.6572,"Observed"
681,13.6896,"Observed"
682,8.8064,"Observed"
683,33.6804,"Observed"
684,14.4738,"Observed"
685,14.612,"Observed"
686,6.8072,"Observed"
687,8.268,"Observed"
688,8.192,"Observed"
689,13.325,"Observed"
690,9.504,"Observed"
691,11.7852,"Observed"
692,9.23,"Observed"
693,23.1336,"Observed"
694,15.0744,"Observed"
695,14.592,"Observed"
696,8.8064,"Observed"
697,11.5068,"Observed"
698,19.8912,"Observed"
699,12.975,"Observed"
700,7.9502,"Observed"
701,7.581,"Observed"
702,15.366,"Observed"
703,10.374,"Observed"
704,9.2664,"Observed"
705,2.3936,"Observed"
706,1.7792,"Observed"
707,8.52,"Observed"
708,1.8228,"Observed"
709,6.76,"Observed"
710,5.1084,"Observed"
711,3.0192,"Observed"
712,8.1406,"Observed"
713,6.3226,"Observed"
714,5.26,"Observed"
715,6.1578,"Observed"
716,6.0368,"Observed"
717,9.6432,"Observed"
718,7.128,"Observed"
719,7.88,"Observed"
720,6.8544,"Observed"
721,5.8006,"Observed"
722,10.6,"Observed"
723,7.7812,"Observed"
724,7.3326,"Observed"
725,10.4434,"Observed"
726,8.84,"Observed"
727,5.6034,"Observed"
728,5.7792,"Observed"
729,4.9858,"Observed"
730,8.6088,"Observed"
731,7.14,"Observed"
732,10.908,"Observed"
733,5.64,"Observed"
734,5.252,"Observed"
735,4.6452,"Observed"
736,9.898,"Observed"
737,6.1408,"Observed"
738,6.6052,"Observed"
739,6.969,"Observed"
740,6.633,"Observed"
741,5.88,"Observed"
742,6.6912,"Observed"
743,4.2848,"Observed"
744,6.8748,"Observed"
745,8.32,"Observed"
746,8.1576,"Observed"
747,9.56,"Observed"
748,7.4844,"Observed"
749,8.5,"Observed"
750,10.608,"Observed"
751,14.355,"Observed"
752,8.5446,"Observed"
753,6.8992,"Observed"
754,10.9692,"Observed"
755,7.8606,"Observed"
756,10.8702,"Observed"
757,9.8604,"Observed"
758,9.3896,"Observed"
759,9.5256,"Observed"
760,7.26,"Observed"
761,8.1164,"Observed"
762,8.169,"Observed"
763,6.9286,"Observed"
764,10.3,"Observed"
765,9.991,"Observed"
766,7.5144,"Observed"
767,8.1804,"Observed"
768,4.2532,"Observed"
769,7.0902,"Observed"
770,6.6054,"Observed"
771,7.6014,"Observed"
772,8.86,"Observed"
773,4.7,"Observed"
774,5.304,"Observed"
775,5.928,"Observed"
776,8.26,"Observed"
777,5.5836,"Observed"
778,7.5636,"Observed"
779,8.058,"Observed"
780,6.1056,"Observed"
781,6.386,"Observed"
782,6.8404,"Observed"
783,7.3542,"Observed"
784,6.678,"Observed"
785,7.6962,"Observed"
786,5.2722,"Observed"
787,5.796,"Observed"
788,7.004,"Observed"
789,9.345,"Observed"
790,9.009,"Observed"
791,7.5756,"Observed"
792,5.5332,"Observed"
793,4.5792,"Observed"
794,10.1796,"Observed"
795,7.1712,"Observed"
796,6.5688,"Observed"
797,5.7664,"Observed"
798,7.9488,"Observed"
799,5.6992,"Observed"
800,4.872,"Observed"
801,8.1952,"Observed"
802,4.32,"Observed"
803,4.92,"Observed"
804,5.9186,"Observed"
805,5.3856,"Observed"
806,5.5536,"Observed"
807,7.56,"Observed"
808,4.444,"Observed"
809,7.2316,"Observed"
810,6.2624,"Observed"
811,4.6556,"Observed"
812,0.4004,"Observed"
813,0.6394,"Observed"
814,0.4544,"Observed"
815,1.0792,"Observed"
816,0.4692,"Observed"
817,0.564,"Observed"
818,0.728,"Observed"
819,1.0998,"Observed"
820,1.7202,"Observed"
821,0.6486,"Observed"
822,1.0224,"Observed"
823,0.9504,"Observed"
824,1.4112,"Observed"
825,1.6992,"Observed"
826,2.407,"Observed"
827,1.1726,"Observed"
828,4.147,"Observed"
829,1.152,"Observed"
830,1.8104,"Observed"
831,2.085,"Observed"
832,0.632,"Observed"
833,0.8478,"Observed"
834,0.9164,"Observed"
835,1.2382,"Observed"
836,3.874,"Observed"
837,3.432,"Observed"
838,2.1222,"Observed"
839,0.9804,"Observed"
840,1.1088,"Observed"
841,0.792,"Observed"
842,1.9584,"Observed"
843,1.2408,"Observed"
844,4.725,"Observed"
845,3.692,"Observed"
846,5.0592,"Observed"
847,3.9168,"Observed"
848,3.328,"Observed"
849,10.3458,"Observed"
850,2.0904,"Observed"
851,1.7172,"Observed"
852,1.5072,"Observed"
853,1.65,"Observed"
854,1.209,"Observed"
855,1.38,"Observed"
856,1.7442,"Observed"
857,1.5606,"Observed"
858,1.3244,"Observed"
859,4.344,"Observed"
860,3.3264,"Observed"
861,1.664,"Observed"
862,2.964,"Observed"
863,2.8896,"Observed"
864,3.1744,"Observed"
865,1.75,"Observed"
866,3.0258,"Observed"
867,4.9896,"Observed"
868,4.5018,"Observed"
869,2.4064,"Observed"
870,2.337,"Observed"
871,4.7684,"Observed"
872,4.148,"Observed"
873,2.4696,"Observed"
874,4.5408,"Observed"
875,2.814,"Observed"
876,1.8688,"Observed"
877,2.73,"Observed"
878,3.3672,"Observed"
879,2.3808,"Observed"
880,2.5536,"Observed"
881,3.33,"Observed"
882,3.21,"Observed"
883,2.49,"Observed"
884,3.408,"Observed"
885,3.12,"Observed"
886,1.6092,"Observed"
887,3.753,"Observed"
888,2.697,"Observed"
889,2.877,"Observed"
890,2.04,"Observed"
891,2.8116,"Observed"
892,1.2848,"Observed"
893,3.6176,"Observed"
894,3.575,"Observed"
895,1.595,"Observed"
896,0.899,"Observed"
897,1.036,"Observed"
898,2.8812,"Observed"
899,0.8468,"Observed"
900,0.8176,"Observed"
901,1.16,"Observed"
902,0.6808,"Observed"
903,1.5288,"Observed"
904,1.2874,"Observed"
905,1.3188,"Observed"
906,1.147,"Observed"
907,1.1932,"Observed"
908,2.9294,"Observed"
909,2.4648,"Observed"
910,2.883,"Observed"
911,1.0472,"Observed"
912,0.7222,"Observed"
913,4.9468,"Observed"
914,7.4676,"Observed"
915,4.6636,"Observed"
916,1.1174,"Observed"
917,1.6464,"Observed"
918,2.7528,"Observed"
919,18.396,"Observed"
920,1.2054,"Observed"
921,4.147,"Observed"
922,11.861,"Observed"
923,2.8712,"Observed"
924,1.072,"Observed"
925,5.4954,"Observed"
926,2.704,"Observed"
927,14.7968,"Observed"
928,1.0906,"Observed"
929,4.264,"Observed"
930,1.7136,"Observed"
931,3.7466,"Observed"
932,3.2472,"Observed"
933,4.95,"Observed"
934,5.3676,"Observed"
935,2.52,"Observed"
936,2.048,"Observed"
937,2.0066,"Observed"
938,3.4816,"Observed"
939,2.8034,"Observed"
940,2.574,"Observed"
941,3.7884,"Observed"
942,2.7456,"Observed"
943,2.3324,"Observed"
944,2.7178,"Observed"
945,2.268,"Observed"
946,3.3528,"Observed"
947,3.4686,"Observed"
948,6.15,"Observed"
949,8.7552,"Observed"
950,2.9,"Observed"
951,3.5632,"Observed"
952,4.2828,"Observed"
953,2.0898,"Observed"
954,1.4448,"Observed"
955,3.1,"Observed"
956,3.0988,"Observed"
957,4.826,"Observed"
958,4.536,"Observed"
959,11.136,"Observed"
960,6.7334,"Observed"
961,14.376,"Observed"
962,14.2104,"Observed"
963,18.288,"Observed"
964,9.825,"Observed"
965,8.892,"Observed"
966,18.876,"Observed"
967,7.095,"Observed"
968,4.7376,"Observed"
969,8.0892,"Observed"
970,9.6266,"Observed"
971,5.8464,"Observed"
972,11.8424,"Observed"
973,9.8044,"Observed"
974,7.675,"Observed"
975,16.3432,"Observed"
976,15.15,"Observed"
978,10.75,"Observed"
979,10.0608,"Observed"
980,16.5188,"Observed"
981,3.9184,"Observed"
982,7.5692,"Observed"
983,4.3086,"Observed"
984,3.8354,"Observed"
