"","SSN","Soil_Organic_Carbon_kg_m2","Type"
"1","icr005934",6.87868352037339,"MIMICS"
"2","icr005940",6.3152726748333,"MIMICS"
"3","icr005950",5.70084979815831,"MIMICS"
"4","icr005952",6.18065834137088,"MIMICS"
"5","icr005958",6.67369910959599,"MIMICS"
"6","icr005971",5.72733337450858,"MIMICS"
"7","icr005973",6.49404581088926,"MIMICS"
"8","icr005975",5.98337827656402,"MIMICS"
"9","icr005977",8.59211288466054,"MIMICS"
"10","icr005981",7.45575537724011,"MIMICS"
"11","icr005987",6.19140687464513,"MIMICS"
"12","icr005988",5.8617429420667,"MIMICS"
"13","icr005989",6.18361307956675,"MIMICS"
"14","icr005990",6.22749002628546,"MIMICS"
"15","icr005995",7.3569678035152,"MIMICS"
"16","icr005997",6.52073119571096,"MIMICS"
"17","icr006000",6.69043603734836,"MIMICS"
"18","icr006010",6.85488099712378,"MIMICS"
"19","icr006021",7.28147500599538,"MIMICS"
"20","icr006027",8.37185101745328,"MIMICS"
"21","icr006041",4.89676153469591,"MIMICS"
"22","icr006058",5.11893603158732,"MIMICS"
"23","icr006084",6.21724938386066,"MIMICS"
"24","icr006099",8.54241648981956,"MIMICS"
"25","icr006115",6.92240639463873,"MIMICS"
"26","icr006130",7.01027081511063,"MIMICS"
"27","icr006139",6.56392756643947,"MIMICS"
"28","icr006145",7.72588684935228,"MIMICS"
"29","icr006162",5.80754662297203,"MIMICS"
"30","icr006166",7.20722246396424,"MIMICS"
"31","icr006175",5.94246067066923,"MIMICS"
"32","icr006176",5.89430346984874,"MIMICS"
"33","icr006185",6.68303557812022,"MIMICS"
"34","icr006192",8.05507723403227,"MIMICS"
"35","icr006454",6.61916277896035,"MIMICS"
"36","icr006474",4.90999901897581,"MIMICS"
"37","icr006492",7.17552579268964,"MIMICS"
"38","icr006510",5.23220374279511,"MIMICS"
"39","icr006530",7.06234065176074,"MIMICS"
"40","icr006570",6.75000644225928,"MIMICS"
"41","icr006586",5.73814509709845,"MIMICS"
"42","icr006626",4.84111053473755,"MIMICS"
"43","icr006684",4.90007425298759,"MIMICS"
"44","icr006704",10.4655817008008,"MIMICS"
"45","icr006744",5.28667939851703,"MIMICS"
"46","icr007987",6.63271919713941,"MIMICS"
"47","icr010535",4.32503565622737,"MIMICS"
"48","icr015592",7.71043781923201,"MIMICS"
"49","icr020848",5.89908846197611,"MIMICS"
"50","icr020868",5.95583730586566,"MIMICS"
"51","icr020888",5.88064906837447,"MIMICS"
"52","icr020908",7.39502789191645,"MIMICS"
"53","icr020947",5.95908157151122,"MIMICS"
"54","icr020970",6.48110409495025,"MIMICS"
"55","icr020986",6.20954365640645,"MIMICS"
"56","icr021023",8.31636419221245,"MIMICS"
"57","icr021063",6.65450073062559,"MIMICS"
"58","icr021103",6.29027761930138,"MIMICS"
"59","icr021123",6.29553209656938,"MIMICS"
"60","icr024956",7.41615381153855,"MIMICS"
"61","icr024976",6.55570164432727,"MIMICS"
"62","icr024994",7.28045993484576,"MIMICS"
"63","icr025016",6.40728828416546,"MIMICS"
"64","icr030033",11.5720301097706,"MIMICS"
"65","icr030037",9.13256356353017,"MIMICS"
"66","icr030039",10.2139636625788,"MIMICS"
"67","icr030043",9.59560091449164,"MIMICS"
"68","icr030051",10.1711096381879,"MIMICS"
"69","icr030055",10.073133315948,"MIMICS"
"70","icr030063",6.93248050228731,"MIMICS"
"71","icr030083",10.6035413010475,"MIMICS"
"72","icr030097",12.9048629116257,"MIMICS"
"73","icr030101",11.304202895352,"MIMICS"
"74","icr030113",6.8664154955659,"MIMICS"
"75","icr030115",6.26837148829087,"MIMICS"
"76","icr030119",6.68084667118655,"MIMICS"
"77","icr030123",6.81260219473896,"MIMICS"
"78","icr030127",11.1474454566426,"MIMICS"
"79","icr030129",8.35196756979953,"MIMICS"
"80","icr030131",7.60905929746461,"MIMICS"
"81","icr030133",8.63106501920773,"MIMICS"
"82","icr030137",7.38260425130486,"MIMICS"
"83","icr030139",7.59922129664044,"MIMICS"
"84","icr030145",12.4177899665223,"MIMICS"
"85","icr030174",6.98569769748456,"MIMICS"
"86","icr030176",9.0708728282893,"MIMICS"
"87","icr030181",5.34943037600934,"MIMICS"
"88","icr030185",5.79421425785787,"MIMICS"
"89","icr030190",5.98272824523713,"MIMICS"
"90","icr030192",5.57685937099661,"MIMICS"
"91","icr030206",7.40095580915267,"MIMICS"
"92","icr030214",9.58794132713474,"MIMICS"
"93","icr030232",8.92641001795009,"MIMICS"
"94","icr030234",6.68142203155986,"MIMICS"
"95","icr030244",9.44498342361658,"MIMICS"
"96","icr030260",5.44922204131854,"MIMICS"
"97","icr030268",5.94721145504877,"MIMICS"
"98","icr030270",6.9814822483098,"MIMICS"
"99","icr030282",5.77977202362503,"MIMICS"
"100","icr030284",7.9874722115422,"MIMICS"
"101","icr030288",8.36944749523256,"MIMICS"
"102","icr030300",6.04377752944569,"MIMICS"
"103","icr030310",11.3927092839607,"MIMICS"
"104","icr030323",10.1819474339035,"MIMICS"
"105","icr030325",10.4774833591898,"MIMICS"
"106","icr030326",8.44840954194588,"MIMICS"
"107","icr030328",8.79325963111176,"MIMICS"
"108","icr030330",9.78737914825253,"MIMICS"
"109","icr030334",4.41371831580699,"MIMICS"
"110","icr030335",4.92758743285303,"MIMICS"
"111","icr030345",4.11171162412031,"MIMICS"
"112","icr030346",8.25251651413834,"MIMICS"
"113","icr030351",5.27057499278327,"MIMICS"
"114","icr030369",5.23059828562293,"MIMICS"
"115","icr030370",4.30240490468124,"MIMICS"
"116","icr030375",4.32665740634644,"MIMICS"
"117","icr030379",4.47493771951389,"MIMICS"
"118","icr030381",4.49596300750184,"MIMICS"
"119","icr030386",5.11693651084,"MIMICS"
"120","icr030393",5.09094410801233,"MIMICS"
"121","icr030397",4.70315130865784,"MIMICS"
"122","icr030409",8.45918373983041,"MIMICS"
"123","icr030411",4.07778960823808,"MIMICS"
"124","icr030419",4.78362955709659,"MIMICS"
"125","icr030420",5.25955489555234,"MIMICS"
"126","icr030422",4.33388509507431,"MIMICS"
"127","icr030424",5.43032890093063,"MIMICS"
"128","icr030425",6.10858221923204,"MIMICS"
"129","icr030426",4.59777128275817,"MIMICS"
"130","icr030427",4.51424066995364,"MIMICS"
"131","icr030428",5.0958368981659,"MIMICS"
"132","icr030432",5.40955368909872,"MIMICS"
"133","icr030434",4.62968206708367,"MIMICS"
"134","icr030435",4.80565942299198,"MIMICS"
"135","icr030480",5.16404693395987,"MIMICS"
"136","icr030482",5.39124925721525,"MIMICS"
"137","icr030489",5.44220268050773,"MIMICS"
"138","icr030493",4.57680115293106,"MIMICS"
"139","icr030513",6.29889356224644,"MIMICS"
"140","icr030515",6.5576526824708,"MIMICS"
"141","icr030547",3.86166288565823,"MIMICS"
"142","icr033391",4.40243385802898,"MIMICS"
"143","icr033396",6.38059955590037,"MIMICS"
"144","icr033398",4.69060958667291,"MIMICS"
"145","icr033400",5.53378929582343,"MIMICS"
"146","icr033402",5.10548715413758,"MIMICS"
"147","icr033404",5.5153398892217,"MIMICS"
"148","icr033406",5.01763955737369,"MIMICS"
"149","icr033411",6.0441360174524,"MIMICS"
"150","icr033413",6.35149099841265,"MIMICS"
"151","icr033415",5.42242803661724,"MIMICS"
"152","icr033417",3.93264818992464,"MIMICS"
"153","icr033419",3.37055811746155,"MIMICS"
"154","icr033447",6.04541931077352,"MIMICS"
"155","icr033451",3.50048703573018,"MIMICS"
"156","icr033452",3.68361011386397,"MIMICS"
"157","icr033470",3.34423536594143,"MIMICS"
"158","icr033472",3.52356674903677,"MIMICS"
"159","icr033474",3.99128159274094,"MIMICS"
"160","icr033476",3.77144200495817,"MIMICS"
"161","icr033490",5.46185515012447,"MIMICS"
"162","icr033508",3.5002075220873,"MIMICS"
"163","icr033509",3.60943551468817,"MIMICS"
"164","icr033511",3.80636817928884,"MIMICS"
"165","icr033533",3.63124276530432,"MIMICS"
"166","icr033535",3.92105950287139,"MIMICS"
"167","icr033541",4.53063754824186,"MIMICS"
"168","icr033545",5.29596977749361,"MIMICS"
"169","icr033551",4.40911937692163,"MIMICS"
"170","icr033553",3.61496747291658,"MIMICS"
"171","icr033555",5.42191157171726,"MIMICS"
"172","icr033557",5.19332410179073,"MIMICS"
"173","icr033559",4.02917910742752,"MIMICS"
"174","icr033561",4.52951153223219,"MIMICS"
"175","icr033568",4.34012213768813,"MIMICS"
"176","icr033570",5.14858290182718,"MIMICS"
"177","icr033571",3.74811837715997,"MIMICS"
"178","icr033572",3.68643661330624,"MIMICS"
"179","icr033580",3.82110753971108,"MIMICS"
"180","icr033584",3.42918127830349,"MIMICS"
"181","icr033588",3.08309041866163,"MIMICS"
"182","icr033592",3.84241704563176,"MIMICS"
"183","icr033598",4.61378825452998,"MIMICS"
"184","icr033602",6.81741755169678,"MIMICS"
"185","icr033616",6.41023917718653,"MIMICS"
"186","icr033618",6.72053473609394,"MIMICS"
"187","icr033619",6.91519269409547,"MIMICS"
"188","icr033625",5.45779676480795,"MIMICS"
"189","icr033627",5.7226480348125,"MIMICS"
"190","icr033631",5.78876428684765,"MIMICS"
"191","icr033632",5.09445407608796,"MIMICS"
"192","icr033634",5.38579052259328,"MIMICS"
"193","icr033636",5.35061253113902,"MIMICS"
"194","icr033637",6.05404266900975,"MIMICS"
"195","icr033644",4.66798324676198,"MIMICS"
"196","icr033646",7.3650175478824,"MIMICS"
"197","icr033648",9.14100145573464,"MIMICS"
"198","icr033650",5.83798975588387,"MIMICS"
"199","icr033652",7.20456837659986,"MIMICS"
"200","icr033660",7.24026518381443,"MIMICS"
"201","icr033664",8.60144210914549,"MIMICS"
"202","icr033666",7.07156803351389,"MIMICS"
"203","icr033670",6.7108627651042,"MIMICS"
"204","icr033672",6.68503708390878,"MIMICS"
"205","icr033680",8.21277025856687,"MIMICS"
"206","icr033684",5.83687883579873,"MIMICS"
"207","icr033690",6.8793982554723,"MIMICS"
"208","icr033704",10.6038621041024,"MIMICS"
"209","icr033710",11.6155926486125,"MIMICS"
"210","icr033716",9.14338407010298,"MIMICS"
"211","icr033724",5.37668327954888,"MIMICS"
"212","icr033727",7.04806349512363,"MIMICS"
"213","icr033729",5.65471805157009,"MIMICS"
"214","icr033732",6.70419806718301,"MIMICS"
"215","icr033738",8.08225860984795,"MIMICS"
"216","icr033748",6.39975695989793,"MIMICS"
"217","icr033750",5.75550152254915,"MIMICS"
"218","icr033752",7.33288516749767,"MIMICS"
"219","icr033754",7.54989551870517,"MIMICS"
"220","icr033756",5.2926656176431,"MIMICS"
"221","icr033757",6.51595877622147,"MIMICS"
"222","icr033767",7.89521372964168,"MIMICS"
"223","icr033769",7.94740981666637,"MIMICS"
"224","icr033781",6.13698081731812,"MIMICS"
"225","icr033787",5.49623316808947,"MIMICS"
"226","icr033801",5.44062960157193,"MIMICS"
"227","icr033805",3.83975863623631,"MIMICS"
"228","icr033815",8.80374581208877,"MIMICS"
"229","icr033819",7.78369844006934,"MIMICS"
"230","icr033833",8.8099056636852,"MIMICS"
"231","icr033845",8.23908974403638,"MIMICS"
"232","icr033847",7.48887800456646,"MIMICS"
"233","icr033863",7.65644806038434,"MIMICS"
"234","icr033869",8.01220119707714,"MIMICS"
"235","icr033873",5.99928567756886,"MIMICS"
"236","icr033874",7.42432095259213,"MIMICS"
"237","icr033878",4.94990023235851,"MIMICS"
"238","icr033880",5.90931908761258,"MIMICS"
"239","icr033896",7.47817501212031,"MIMICS"
"240","icr033902",8.15601115193224,"MIMICS"
"241","icr033904",6.38545430573858,"MIMICS"
"242","icr034422",5.2415901818042,"MIMICS"
"243","icr037453",4.64351649306839,"MIMICS"
"244","icr037531",4.90802097251685,"MIMICS"
"245","icr037574",4.30932730735319,"MIMICS"
"246","icr037590",6.8651987875197,"MIMICS"
"247","icr037626",5.28881137958614,"MIMICS"
"248","icr037689",6.98154449450425,"MIMICS"
"249","icr037699",10.887377277259,"MIMICS"
"250","icr037767",9.11823916328612,"MIMICS"
"251","icr037843",11.2883864323659,"MIMICS"
"252","icr037869",8.1645917145763,"MIMICS"
"253","icr037901",10.3250359634947,"MIMICS"
"254","icr037927",8.1368082805426,"MIMICS"
"255","icr037969",9.89159297973725,"MIMICS"
"256","icr037986",10.4579460358104,"MIMICS"
"257","icr038034",9.55150938495021,"MIMICS"
"258","icr038102",12.7251055764299,"MIMICS"
"259","icr038110",6.40039492813742,"MIMICS"
"260","icr038116",10.0862083280721,"MIMICS"
"261","icr038118",7.56187088229027,"MIMICS"
"262","icr038142",8.276234466669,"MIMICS"
"263","icr038147",7.95142712547794,"MIMICS"
"264","icr038154",10.8146105475223,"MIMICS"
"265","icr038156",9.88725775396226,"MIMICS"
"266","icr038158",8.39199772585219,"MIMICS"
"267","icr038162",11.2091419351517,"MIMICS"
"268","icr038167",10.3428473645318,"MIMICS"
"269","icr038169",7.67281939090909,"MIMICS"
"270","icr038191",9.54312357766888,"MIMICS"
"271","icr038193",8.77703307535823,"MIMICS"
"272","icr038197",7.61719813842083,"MIMICS"
"273","icr038200",13.5950721289006,"MIMICS"
"274","icr038202",8.7998088799817,"MIMICS"
"275","icr038218",9.23835523596904,"MIMICS"
"276","icr038227",6.75394063910299,"MIMICS"
"277","icr038229",6.49947421577862,"MIMICS"
"278","icr038236",7.18700280175776,"MIMICS"
"279","icr038239",16.5484923646838,"MIMICS"
"280","icr038242",9.71873454336182,"MIMICS"
"281","icr038249",18.3144388098663,"MIMICS"
"282","icr038263",8.63165206826878,"MIMICS"
"283","icr038273",9.21240643888947,"MIMICS"
"284","icr038281",6.2930579279759,"MIMICS"
"285","icr038288",6.76733581981762,"MIMICS"
"286","icr038291",7.12147728635729,"MIMICS"
"287","icr038293",7.83136418895429,"MIMICS"
"288","icr038299",7.2266407526321,"MIMICS"
"289","icr038301",6.56366710979506,"MIMICS"
"290","icr038302",7.68856722552878,"MIMICS"
"291","icr038304",7.05745061839931,"MIMICS"
"292","icr038320",6.32564764755995,"MIMICS"
"293","icr038345",7.14111444926862,"MIMICS"
"294","icr038357",11.9927119899056,"MIMICS"
"295","icr038363",9.23186288289829,"MIMICS"
"296","icr038368",8.51881037786947,"MIMICS"
"297","icr038377",13.5433411270723,"MIMICS"
"298","icr038381",11.3586494818068,"MIMICS"
"299","icr041643",7.2782295263642,"MIMICS"
"300","icr041647",8.9897077968137,"MIMICS"
"301","icr041649",13.1732875317084,"MIMICS"
"302","icr041651",9.08574404856894,"MIMICS"
"303","icr041655",6.49004716402559,"MIMICS"
"304","icr041659",7.17081899835659,"MIMICS"
"305","icr041673",14.357977428821,"MIMICS"
"306","icr041679",7.9088499906739,"MIMICS"
"307","icr041685",11.6427559069913,"MIMICS"
"308","icr041699",6.90644485294623,"MIMICS"
"309","icr041717",7.72350510026306,"MIMICS"
"310","icr041733",7.51836868939854,"MIMICS"
"311","icr041735",7.72159526756858,"MIMICS"
"312","icr041741",7.22116690927016,"MIMICS"
"313","icr041743",8.00091969922506,"MIMICS"
"314","icr041747",8.44255503057315,"MIMICS"
"315","icr041751",6.70430666282103,"MIMICS"
"316","icr041755",7.39230886561391,"MIMICS"
"317","icr041765",9.10793891185906,"MIMICS"
"318","icr041777",7.11138177308599,"MIMICS"
"319","icr041789",6.72024135544048,"MIMICS"
"320","icr041813",8.18376993263482,"MIMICS"
"321","icr041821",9.54889344056324,"MIMICS"
"322","icr041825",12.9561972826386,"MIMICS"
"323","icr041830",8.79391748770608,"MIMICS"
"324","icr041834",13.4317580677426,"MIMICS"
"325","icr041838",6.89783078081076,"MIMICS"
"326","icr041854",6.74300438896896,"MIMICS"
"327","icr041868",7.07458325484646,"MIMICS"
"328","icr041878",8.3435000882482,"MIMICS"
"329","icr041882",7.35189438620047,"MIMICS"
"330","icr041884",7.2259107771887,"MIMICS"
"331","icr041888",8.31842689602876,"MIMICS"
"332","icr041890",6.92998825971872,"MIMICS"
"333","icr041892",7.40834108133672,"MIMICS"
"334","icr041898",9.95307565799692,"MIMICS"
"335","icr041904",7.13776072530473,"MIMICS"
"336","icr041912",7.08629505293938,"MIMICS"
"337","icr041914",6.63017482563234,"MIMICS"
"338","icr041917",6.85541059220292,"MIMICS"
"339","icr041925",7.36676040041212,"MIMICS"
"340","icr041935",7.54525082816253,"MIMICS"
"341","icr041949",9.04070973003042,"MIMICS"
"342","icr041987",5.71797818647787,"MIMICS"
"343","icr041992",6.99691984187495,"MIMICS"
"344","icr041999",6.04989507819841,"MIMICS"
"345","icr042024",5.98668437763761,"MIMICS"
"346","icr042066",6.60102158218298,"MIMICS"
"347","icr042070",5.79182412389335,"MIMICS"
"348","icr042074",5.96329579454476,"MIMICS"
"349","icr042080",9.50424454717967,"MIMICS"
"350","icr042082",10.0165578819578,"MIMICS"
"351","icr042103",7.68774900341195,"MIMICS"
"352","icr042108",6.88622341747693,"MIMICS"
"353","icr042113",8.43976269664606,"MIMICS"
"354","icr042117",9.18984870432613,"MIMICS"
"355","icr042121",6.80006454739142,"MIMICS"
"356","icr042122",7.76542389942619,"MIMICS"
"357","icr042132",9.37749273532562,"MIMICS"
"358","icr042141",8.20048551219151,"MIMICS"
"359","icr042147",6.95895577234536,"MIMICS"
"360","icr042149",7.14498674834691,"MIMICS"
"361","icr042152",9.58785804334669,"MIMICS"
"362","icr042162",6.46063856431219,"MIMICS"
"363","icr042168",7.08858348307763,"MIMICS"
"364","icr042170",5.84679978072106,"MIMICS"
"365","icr042180",5.56347247265551,"MIMICS"
"366","icr042189",9.88196727645268,"MIMICS"
"367","icr042191",7.06486986981647,"MIMICS"
"368","icr042193",9.27497086907485,"MIMICS"
"369","icr042203",7.58882415068244,"MIMICS"
"370","icr042204",7.06945017429939,"MIMICS"
"371","icr042210",7.45221243673706,"MIMICS"
"372","icr042239",5.88362556932509,"MIMICS"
"373","icr042241",7.37896828810007,"MIMICS"
"374","icr042245",6.09466375574754,"MIMICS"
"375","icr042249",7.21226530670504,"MIMICS"
"376","icr042253",8.5317400573758,"MIMICS"
"377","icr042263",6.79963584141406,"MIMICS"
"378","icr042265",5.36320592659342,"MIMICS"
"379","icr042267",5.15578610554685,"MIMICS"
"380","icr042271",6.97606503676316,"MIMICS"
"381","icr042273",6.68896272899364,"MIMICS"
"382","icr042275",5.76090497720962,"MIMICS"
"383","icr042279",6.03081040618088,"MIMICS"
"384","icr042280",8.4160791350397,"MIMICS"
"385","icr042282",5.94185661343251,"MIMICS"
"386","icr042790",8.23808571699638,"MIMICS"
"387","icr042836",9.77916860174921,"MIMICS"
"388","icr042867",10.2584173317554,"MIMICS"
"389","icr042896",10.5200846886303,"MIMICS"
"390","icr042930",7.7854181625911,"MIMICS"
"391","icr042990",9.24235593359077,"MIMICS"
"392","icr043068",14.3262713672786,"MIMICS"
"393","icr043248",5.37999075142254,"MIMICS"
"394","icr043266",7.10159404137629,"MIMICS"
"395","icr043287",5.49156438854276,"MIMICS"
"396","icr043347",5.98911169460255,"MIMICS"
"397","icr043401",7.5333037862935,"MIMICS"
"398","icr048485",10.8810572355663,"MIMICS"
"399","icr048520",10.4031223119995,"MIMICS"
"400","icr048642",8.38282624878168,"MIMICS"
"401","icr048664",7.62972144297574,"MIMICS"
"402","icr048704",8.35195638317706,"MIMICS"
"403","icr048755",4.29537376531767,"MIMICS"
"404","icr048837",3.62921911793174,"MIMICS"
"405","icr048942",4.76434111807167,"MIMICS"
"406","icr049074",4.12921147173959,"MIMICS"
"407","icr050214",6.48656770534656,"MIMICS"
"408","icr050234",6.92513017954004,"MIMICS"
"409","icr050254",7.36719351400559,"MIMICS"
"410","icr050274",6.07434242092983,"MIMICS"
"411","icr050294",8.13315077563866,"MIMICS"
"412","icr050354",6.75934607113218,"MIMICS"
"413","icr054165",8.80906580832008,"MIMICS"
"414","icr054175",8.49859984439007,"MIMICS"
"415","icr054181",7.41368200329463,"MIMICS"
"416","icr054187",8.27661400965976,"MIMICS"
"417","icr054188",7.13863129696565,"MIMICS"
"418","icr054190",7.20374483401135,"MIMICS"
"419","icr054194",8.20734179900905,"MIMICS"
"420","icr054201",7.97855828114211,"MIMICS"
"421","icr054205",8.54796525993602,"MIMICS"
"422","icr054214",10.0653772578689,"MIMICS"
"423","icr054222",7.66392590900186,"MIMICS"
"424","icr054232",7.75995262373606,"MIMICS"
"425","icr054234",8.87206647300249,"MIMICS"
"426","icr054250",9.1430193495384,"MIMICS"
"427","icr054256",9.04235117858694,"MIMICS"
"428","icr054260",8.3757023297473,"MIMICS"
"429","icr054269",11.1076232241162,"MIMICS"
"430","icr054285",8.08637102338134,"MIMICS"
"431","icr054287",6.57561832099178,"MIMICS"
"432","icr054289",6.26981413386584,"MIMICS"
"433","icr054293",8.04034250645923,"MIMICS"
"434","icr054301",8.02893589443019,"MIMICS"
"435","icr054307",9.01698054527424,"MIMICS"
"436","icr054309",7.07389601954255,"MIMICS"
"437","icr054315",7.25289711281336,"MIMICS"
"438","icr054317",9.92679108919003,"MIMICS"
"439","icr054321",8.94232715694113,"MIMICS"
"440","icr054322",11.1406384234211,"MIMICS"
"441","icr054324",8.04302062024404,"MIMICS"
"442","icr054326",8.5671138131756,"MIMICS"
"443","icr054328",9.18013412552407,"MIMICS"
"444","icr054330",9.14440675296781,"MIMICS"
"445","icr054332",8.87667577092333,"MIMICS"
"446","icr054336",7.35363133617207,"MIMICS"
"447","icr054340",8.05866207586207,"MIMICS"
"448","icr054348",9.13099578009555,"MIMICS"
"449","icr054357",9.36198747454649,"MIMICS"
"450","icr054358",8.21430125218094,"MIMICS"
"451","icr054362",9.74973346601546,"MIMICS"
"452","icr054363",9.07275201592034,"MIMICS"
"453","icr054365",8.12657866642142,"MIMICS"
"454","icr054368",7.59025681949888,"MIMICS"
"455","icr054369",11.578350948091,"MIMICS"
"456","icr054372",12.8027621501163,"MIMICS"
"457","icr054374",9.43813001448309,"MIMICS"
"458","icr054387",10.6205149413231,"MIMICS"
"459","icr054391",8.37810012507198,"MIMICS"
"460","icr054395",7.98509507580171,"MIMICS"
"461","icr054400",9.68298412672856,"MIMICS"
"462","icr054405",8.83048592566678,"MIMICS"
"463","icr054410",9.89775756908139,"MIMICS"
"464","icr054414",9.51332805466236,"MIMICS"
"465","icr054415",12.74022922346,"MIMICS"
"466","icr054417",8.87992975057109,"MIMICS"
"467","icr054426",9.14447680022038,"MIMICS"
"468","icr054433",7.43188140857291,"MIMICS"
"469","icr054439",11.7133003233115,"MIMICS"
"470","icr054443",14.9871910632739,"MIMICS"
"471","icr054444",16.3647111433873,"MIMICS"
"472","icr054445",13.4931700203483,"MIMICS"
"473","icr054449",16.0363096642973,"MIMICS"
"474","icr054455",11.416797634696,"MIMICS"
"475","icr054471",12.478010897073,"MIMICS"
"476","icr054476",8.42237192875084,"MIMICS"
"477","icr054479",9.97583862694102,"MIMICS"
"478","icr054506",14.5443167873682,"MIMICS"
"479","icr054509",14.1675807770399,"MIMICS"
"480","icr054510",9.56612978728624,"MIMICS"
"481","icr054520",13.1250067522777,"MIMICS"
"482","icr054521",14.315933290779,"MIMICS"
"483","icr054522",9.38465571678978,"MIMICS"
"484","icr054523",11.3568088051942,"MIMICS"
"485","icr054527",10.9892118463624,"MIMICS"
"486","icr054529",9.49694919817222,"MIMICS"
"487","icr054531",6.70762471511386,"MIMICS"
"488","icr054532",7.35644777240639,"MIMICS"
"489","icr054540",9.48301517038048,"MIMICS"
"490","icr054556",7.59689836287103,"MIMICS"
"491","icr054560",6.72728925213708,"MIMICS"
"492","icr054564",10.8914065945254,"MIMICS"
"493","icr054566",9.78639809869789,"MIMICS"
"494","icr054574",13.1328647509136,"MIMICS"
"495","icr054595",10.3078784946234,"MIMICS"
"496","icr054596",10.3787450674481,"MIMICS"
"497","icr054598",12.2861436912667,"MIMICS"
"498","icr054614",8.41493249974106,"MIMICS"
"499","icr054626",6.55706362901665,"MIMICS"
"500","icr054633",7.48255921492151,"MIMICS"
"501","icr054635",7.83885969782625,"MIMICS"
"502","icr054639",13.5050511420887,"MIMICS"
"503","icr054643",9.85513076963245,"MIMICS"
"504","icr054645",6.90613072084954,"MIMICS"
"505","icr054646",11.3315367582939,"MIMICS"
"506","icr054654",11.6855667858919,"MIMICS"
"507","icr054684",8.98774574184698,"MIMICS"
"508","icr054703",8.03563619674882,"MIMICS"
"509","icr054709",8.64175519765982,"MIMICS"
"510","icr054713",9.53804051565432,"MIMICS"
"511","icr056220",5.57112876923592,"MIMICS"
"512","icr056360",8.4931675639926,"MIMICS"
"513","icr056500",6.93437654196098,"MIMICS"
"514","icr062136",15.6312866244842,"MIMICS"
"515","icr062138",18.3453616419917,"MIMICS"
"516","icr062139",19.3291682908111,"MIMICS"
"517","icr062141",11.1152409845614,"MIMICS"
"518","icr062143",16.6602786437042,"MIMICS"
"519","icr062145",11.905077871477,"MIMICS"
"520","icr062149",14.7187149788336,"MIMICS"
"521","icr062151",13.6924864239621,"MIMICS"
"522","icr062153",15.0549552213829,"MIMICS"
"523","icr062157",15.1810493907047,"MIMICS"
"524","icr062159",13.464868101964,"MIMICS"
"525","icr062165",11.8792306333693,"MIMICS"
"526","icr062167",15.8446749529182,"MIMICS"
"527","icr062169",13.7299933870781,"MIMICS"
"528","icr062173",16.5477232137345,"MIMICS"
"529","icr062175",18.4870677422348,"MIMICS"
"530","icr062179",11.2195376918937,"MIMICS"
"531","icr062181",14.0396696276098,"MIMICS"
"532","icr062183",13.6836278209271,"MIMICS"
"533","icr062187",13.0880553659139,"MIMICS"
"534","icr062195",14.546252026064,"MIMICS"
"535","icr062197",15.2882542825903,"MIMICS"
"536","icr062199",15.2534687045075,"MIMICS"
"537","icr062201",10.9765931690072,"MIMICS"
"538","icr062203",11.0178300896046,"MIMICS"
"539","icr062209",12.3222179095881,"MIMICS"
"540","icr062211",14.6824915570182,"MIMICS"
"541","icr062213",12.4440600014078,"MIMICS"
"542","icr062219",14.1316403097163,"MIMICS"
"543","icr062227",14.7544869326319,"MIMICS"
"544","icr062231",14.9181876417754,"MIMICS"
"545","icr062237",18.0701117196813,"MIMICS"
"546","icr062239",14.8090961829533,"MIMICS"
"547","icr062241",10.7469749991048,"MIMICS"
"548","icr062243",15.8388251884125,"MIMICS"
"549","icr062247",12.1946704244097,"MIMICS"
"550","icr062249",16.4156788492717,"MIMICS"
"551","icr062251",15.7433871191151,"MIMICS"
"552","icr062253",13.5711349761684,"MIMICS"
"553","icr062259",13.046180549864,"MIMICS"
"554","icr062261",11.9902797804246,"MIMICS"
"555","icr062263",10.6556542896953,"MIMICS"
"556","icr062265",17.8579105711875,"MIMICS"
"557","icr062267",16.1782469851692,"MIMICS"
"558","icr062280",12.9513054333659,"MIMICS"
"559","icr062281",13.2160109480004,"MIMICS"
"560","icr062285",10.4931746737376,"MIMICS"
"561","icr062287",13.5953023975439,"MIMICS"
"562","icr062289",12.9494448904133,"MIMICS"
"563","icr062292",12.1266386529037,"MIMICS"
"564","icr062294",15.0006887627802,"MIMICS"
"565","icr062296",18.1541845663603,"MIMICS"
"566","icr062298",14.5016619284178,"MIMICS"
"567","icr062302",16.0160820490484,"MIMICS"
"568","icr062306",13.6599879446128,"MIMICS"
"569","icr062308",15.4001839393593,"MIMICS"
"570","icr062310",18.2152594616831,"MIMICS"
"571","icr062312",12.8930812435554,"MIMICS"
"572","icr062316",11.7922406725747,"MIMICS"
"573","icr062318",14.4850186217409,"MIMICS"
"574","icr062320",14.1890275366806,"MIMICS"
"575","icr062322",13.4570128771148,"MIMICS"
"576","icr062324",12.5738493915834,"MIMICS"
"577","icr062330",12.7866287372353,"MIMICS"
"578","icr062334",14.3722397843326,"MIMICS"
"579","icr062336",14.2602912169564,"MIMICS"
"580","icr062338",13.2096251908011,"MIMICS"
"581","icr062339",12.0242630319326,"MIMICS"
"582","icr062343",14.0136650591773,"MIMICS"
"583","icr062347",15.1766741280846,"MIMICS"
"584","icr062351",14.3763189819437,"MIMICS"
"585","icr062353",17.6013515388546,"MIMICS"
"586","icr062355",15.132434837145,"MIMICS"
"587","icr062357",12.2311468665961,"MIMICS"
"588","icr062359",15.318855217795,"MIMICS"
"589","icr062365",15.4163172481805,"MIMICS"
"590","icr062369",12.5205771407968,"MIMICS"
"591","icr062375",11.6362631619525,"MIMICS"
"592","icr062381",11.251215325584,"MIMICS"
"593","icr062383",11.3141585335488,"MIMICS"
"594","icr062385",9.799590249799,"MIMICS"
"595","icr062387",14.6684978710845,"MIMICS"
"596","icr062391",11.8103170317103,"MIMICS"
"597","icr062393",9.1795513776858,"MIMICS"
"598","icr062395",14.596495733548,"MIMICS"
"599","icr062399",7.52859904754244,"MIMICS"
"600","icr062403",9.02027741844894,"MIMICS"
"601","icr062405",16.2268837179478,"MIMICS"
"602","icr062407",11.0603382151889,"MIMICS"
"603","icr062409",9.40734752891918,"MIMICS"
"604","icr062411",12.880240214718,"MIMICS"
"605","icr062415",11.2306219837622,"MIMICS"
"606","icr062417",11.9504070852025,"MIMICS"
"607","icr062421",14.2245738061831,"MIMICS"
"608","icr062425",11.3220982867302,"MIMICS"
"609","icr062427",11.5308871354413,"MIMICS"
"610","icr062431",13.978857552171,"MIMICS"
"611","icr062435",12.1554521969223,"MIMICS"
"612","icr062437",12.8505728851448,"MIMICS"
"613","icr062439",12.0788249564836,"MIMICS"
"614","icr062443",11.108264521914,"MIMICS"
"615","icr062451",12.4234717311726,"MIMICS"
"616","icr068101",5.27545313289412,"MIMICS"
"617","icr068131",3.94113238580837,"MIMICS"
"618","icr068149",3.40305355973821,"MIMICS"
"619","icr068161",3.76087802306525,"MIMICS"
"620","icr068199",5.33347387109618,"MIMICS"
"621","icr068221",3.76505958862742,"MIMICS"
"622","icr068265",4.60879466934428,"MIMICS"
"623","icr068279",4.54830734070109,"MIMICS"
"624","icr068321",6.41229249233781,"MIMICS"
"625","icr068339",3.99766281553115,"MIMICS"
"626","icr068361",4.96315235102773,"MIMICS"
"627","icr068381",5.26957281137883,"MIMICS"
"628","icr068399",4.48351404843517,"MIMICS"
"629","icr068419",3.19779667219342,"MIMICS"
"630","icr068499",3.10820061681294,"MIMICS"
"631","icr068521",3.14417158009648,"MIMICS"
"632","icr068539",4.0117284139694,"MIMICS"
"633","icr068579",3.42322168838926,"MIMICS"
"634","icr068677",3.19809071770673,"MIMICS"
"635","icr068717",3.13995476056953,"MIMICS"
"636","icr069849",3.59057742685672,"MIMICS"
"637","icr069869",3.31086462792815,"MIMICS"
"638","icr070029",3.32951859232848,"MIMICS"
"639","icr070112",8.05228020413953,"MIMICS"
"640","icr070124",5.38206621368738,"MIMICS"
"641","icr070164",4.24431085541458,"MIMICS"
"642","icr070202",4.96190954038206,"MIMICS"
"643","icr070262",4.9015943950509,"MIMICS"
"644","icr070328",4.88506778520074,"MIMICS"
"645","icr070370",4.16542290361827,"MIMICS"
"646","icr070386",4.30253378439731,"MIMICS"
"647","icr072246",7.5938816340002,"MIMICS"
"648","icr072286",8.02993130879819,"MIMICS"
"649","icr072365",10.4298546219867,"MIMICS"
"650","icr072405",6.74316643631726,"MIMICS"
"651","icr072425",8.13285259153008,"MIMICS"
"652","icr072544",6.25782892694062,"MIMICS"
"653","icr072596",5.6918150590179,"MIMICS"
"654","icr072616",5.50599547314821,"MIMICS"
"655","icr072656",5.52124985357692,"MIMICS"
"656","icr072696",6.57577451179632,"MIMICS"
"657","icr072716",5.66883520663888,"MIMICS"
"658","icr072756",6.27399618776165,"MIMICS"
"659","icr072816",5.23140663631627,"MIMICS"
"660","icr072836",5.59123772998218,"MIMICS"
"661","icr072896",6.25199146112615,"MIMICS"
"662","icr072948",7.34023859864472,"MIMICS"
"663","icr072968",8.43115621627415,"MIMICS"
"664","icr073008",12.6096666469447,"MIMICS"
"665","icr073068",8.26905673521513,"MIMICS"
"666","icr073128",6.66792544301812,"MIMICS"
"667","icr073148",8.24547178852264,"MIMICS"
"668","icr073168",7.93773377362957,"MIMICS"
"669","icr073208",11.2074474361548,"MIMICS"
"670","icr073228",8.59183917598247,"MIMICS"
"671","icr073300",10.6877342927948,"MIMICS"
"672","icr073320",7.94849313933404,"MIMICS"
"673","icr073340",5.98604774644441,"MIMICS"
"674","icr073361",9.07136238660558,"MIMICS"
"675","icr073379",6.65158571602394,"MIMICS"
"676","icr073399",9.54372221771035,"MIMICS"
"677","icr073439",7.95573893090397,"MIMICS"
"678","icr073479",14.7862386065926,"MIMICS"
"679","icr073519",8.59108437513416,"MIMICS"
"680","icr073539",7.36567919840702,"MIMICS"
"681","icr073558",10.4040773563192,"MIMICS"
"682","icr073578",10.1440311066644,"MIMICS"
"683","icr074045",8.41478014315268,"MIMICS"
"684","icr074122",7.448093636531,"MIMICS"
"685","icr074159",7.73677262804922,"MIMICS"
"686","icr074318",7.81937287231442,"MIMICS"
"687","icr074336",12.2390810211887,"MIMICS"
"688","icr074356",5.49053673217929,"MIMICS"
"689","icr074376",7.19122861139439,"MIMICS"
"690","icr074396",5.750273580283,"MIMICS"
"691","icr074413",7.63617068611136,"MIMICS"
"692","icr074433",9.80985948687036,"MIMICS"
"693","icr074470",5.3242214324585,"MIMICS"
"694","icr074509",4.42418560002123,"MIMICS"
"695","icr074529",6.74423627831464,"MIMICS"
"696","icr074544",5.17677488882998,"MIMICS"
"697","icr074580",4.22319619072426,"MIMICS"
"698","icr074631",4.87497210893404,"MIMICS"
"699","icr074671",4.98433040714393,"MIMICS"
"700","icr074691",5.05462217876052,"MIMICS"
"701","icr074731",4.90293294422985,"MIMICS"
"702","icr074751",4.92496222311926,"MIMICS"
"703","icr074771",6.56767114649398,"MIMICS"
"704","icr074891",4.96433885800419,"MIMICS"
"705","icr074983",4.82022559969496,"MIMICS"
"706","icr075023",5.45182528340671,"MIMICS"
"707","icr075083",4.44850233727036,"MIMICS"
"708","icr075143",8.14172326413117,"MIMICS"
"709","icr075224",5.59974068972457,"MIMICS"
"710","icr075240",4.75401457394662,"MIMICS"
"711","icr075260",4.58104821541741,"MIMICS"
"712","icr075350",11.2260241214926,"MIMICS"
"713","icr075410",13.3824716156661,"MIMICS"
"714","icr075528",5.85905227662623,"MIMICS"
"715","icr075676",4.85880932966218,"MIMICS"
"716","icr075696",4.76844669687581,"MIMICS"
"717","icr075736",7.63962204088187,"MIMICS"
"718","icr075756",4.77083823711981,"MIMICS"
"719","icr075796",6.4491594701783,"MIMICS"
"720","icr075876",7.45463075269046,"MIMICS"
"721","icr075916",5.99047860444851,"MIMICS"
"722","icr076353",5.92979685188733,"MIMICS"
"723","icr076355",6.41011294309542,"MIMICS"
"724","icr076357",6.2526657085835,"MIMICS"
"725","icr076362",5.37390208756188,"MIMICS"
"726","icr076366",7.25299057104946,"MIMICS"
"727","icr076368",5.80933183915823,"MIMICS"
"728","icr076372",7.02917873168678,"MIMICS"
"729","icr076374",6.86771725430079,"MIMICS"
"730","icr076386",6.89997636912905,"MIMICS"
"731","icr076392",12.9058877458568,"MIMICS"
"732","icr076400",12.5308602338892,"MIMICS"
"733","icr076406",8.99770243442432,"MIMICS"
"734","icr076408",15.7618626329391,"MIMICS"
"735","icr076410",6.53051671944764,"MIMICS"
"736","icr076412",6.22883145565572,"MIMICS"
"737","icr076418",5.98267285056957,"MIMICS"
"738","icr076420",12.4347069814446,"MIMICS"
"739","icr076422",6.9713643360113,"MIMICS"
"740","icr076424",13.1187540742494,"MIMICS"
"741","icr076442",12.7415388098307,"MIMICS"
"742","icr076446",12.3930254792105,"MIMICS"
"743","icr076452",12.7748747334809,"MIMICS"
"744","icr076460",13.1062323363923,"MIMICS"
"745","icr076474",8.25409051313436,"MIMICS"
"746","icr076478",9.09021295756576,"MIMICS"
"747","icr076480",8.97762217317279,"MIMICS"
"748","icr076490",12.3716830184739,"MIMICS"
"749","icr076492",9.73272144963384,"MIMICS"
"750","icr076494",10.7165429781516,"MIMICS"
"751","icr076506",9.08926882459479,"MIMICS"
"752","icr076508",12.300668152484,"MIMICS"
"753","icr076512",12.641342886684,"MIMICS"
"754","icr076518",7.91306495806353,"MIMICS"
"755","icr076526",5.06535262773666,"MIMICS"
"756","icr076527",7.78371889928783,"MIMICS"
"757","icr076533",5.11346141589829,"MIMICS"
"758","icr076547",6.60372280445943,"MIMICS"
"759","icr076551",6.18352808951417,"MIMICS"
"760","icr076555",6.32460946437957,"MIMICS"
"761","icr076569",9.81150597127641,"MIMICS"
"762","icr076571",6.57934461720347,"MIMICS"
"763","icr076573",8.4950972866488,"MIMICS"
"764","icr076589",6.64456030940373,"MIMICS"
"765","icr076605",6.62188521649699,"MIMICS"
"766","icr076607",6.43629893812923,"MIMICS"
"767","icr076611",6.14529435913447,"MIMICS"
"768","icr076613",7.20931766609224,"MIMICS"
"769","icr076617",7.38973896965727,"MIMICS"
"770","icr076623",5.5995750065844,"MIMICS"
"771","icr076627",6.88589076687783,"MIMICS"
"772","icr076632",7.01224463543954,"MIMICS"
"773","icr076638",6.0460504674542,"MIMICS"
"774","icr076640",5.20028221503709,"MIMICS"
"775","icr076646",6.67238810248188,"MIMICS"
"776","icr076648",9.25766698706965,"MIMICS"
"777","icr076655",5.35805605446216,"MIMICS"
"778","icr005934",3.36068401448463,"Millennial"
"779","icr005940",3.44011087275923,"Millennial"
"780","icr005950",2.67749764910018,"Millennial"
"781","icr005952",2.84073547717638,"Millennial"
"782","icr005958",3.08198020338072,"Millennial"
"783","icr005971",2.74046724203047,"Millennial"
"784","icr005973",2.72008961985682,"Millennial"
"785","icr005975",3.09162317462947,"Millennial"
"786","icr005977",3.26451644429941,"Millennial"
"787","icr005981",2.9145050346981,"Millennial"
"788","icr005987",3.126118742407,"Millennial"
"789","icr005988",2.83950633130076,"Millennial"
"790","icr005989",2.93896256260973,"Millennial"
"791","icr005990",2.93195265196194,"Millennial"
"792","icr005995",3.19088938812139,"Millennial"
"793","icr005997",3.02913293221822,"Millennial"
"794","icr006000",3.30135028041195,"Millennial"
"795","icr006010",3.40083634465678,"Millennial"
"796","icr006021",3.26874571855601,"Millennial"
"797","icr006027",3.16614509192268,"Millennial"
"798","icr006041",2.13946624645986,"Millennial"
"799","icr006058",2.54813040018168,"Millennial"
"800","icr006084",3.20233194148929,"Millennial"
"801","icr006099",3.53858246542766,"Millennial"
"802","icr006115",2.90833921099987,"Millennial"
"803","icr006130",2.99122974055067,"Millennial"
"804","icr006139",3.52544129502763,"Millennial"
"805","icr006145",3.60179374603788,"Millennial"
"806","icr006162",3.440634576835,"Millennial"
"807","icr006166",3.20262033285155,"Millennial"
"808","icr006175",3.14080963565501,"Millennial"
"809","icr006176",3.05375449333668,"Millennial"
"810","icr006185",3.09634774537863,"Millennial"
"811","icr006192",3.03954992539661,"Millennial"
"812","icr006454",3.18847833766051,"Millennial"
"813","icr006474",0.787521389508643,"Millennial"
"814","icr006492",2.11088351363469,"Millennial"
"815","icr006510",1.47520877472714,"Millennial"
"816","icr006530",3.3216482277568,"Millennial"
"817","icr006570",2.72311088803388,"Millennial"
"818","icr006586",2.03999017224828,"Millennial"
"819","icr006626",1.67339970662503,"Millennial"
"820","icr006684",1.22186473140362,"Millennial"
"821","icr006704",3.32714089569098,"Millennial"
"822","icr006744",2.31010892496532,"Millennial"
"823","icr007987",3.55889931646815,"Millennial"
"824","icr010535",12.6010437069224,"Millennial"
"825","icr015592",2.87923783619794,"Millennial"
"826","icr020848",3.2504922053804,"Millennial"
"827","icr020868",2.38382787385493,"Millennial"
"828","icr020888",3.62117946203165,"Millennial"
"829","icr020908",3.61382656721812,"Millennial"
"830","icr020947",3.53718043010614,"Millennial"
"831","icr020970",3.51930832660487,"Millennial"
"832","icr020986",2.71494590206783,"Millennial"
"833","icr021023",3.69978470252175,"Millennial"
"834","icr021063",3.20766122101621,"Millennial"
"835","icr021103",3.46884534338617,"Millennial"
"836","icr021123",3.13973648600637,"Millennial"
"837","icr024956",3.7814305428078,"Millennial"
"838","icr024976",3.07814206213321,"Millennial"
"839","icr024994",3.53054329516295,"Millennial"
"840","icr025016",3.16394966086633,"Millennial"
"841","icr030033",3.23091382995797,"Millennial"
"842","icr030037",3.33918135561995,"Millennial"
"843","icr030039",3.34612795421903,"Millennial"
"844","icr030043",3.16769803844273,"Millennial"
"845","icr030051",3.32795096321556,"Millennial"
"846","icr030055",3.32270845791561,"Millennial"
"847","icr030063",3.16241857775573,"Millennial"
"848","icr030083",3.29830094369416,"Millennial"
"849","icr030097",3.34241902951186,"Millennial"
"850","icr030101",3.28609594311233,"Millennial"
"851","icr030113",3.02813727491227,"Millennial"
"852","icr030115",3.17379536546397,"Millennial"
"853","icr030119",3.05246895790124,"Millennial"
"854","icr030123",3.03254577788321,"Millennial"
"855","icr030127",3.31456359908548,"Millennial"
"856","icr030129",3.14395897357949,"Millennial"
"857","icr030131",3.05211234777689,"Millennial"
"858","icr030133",3.09246302163075,"Millennial"
"859","icr030137",3.19966340062128,"Millennial"
"860","icr030139",2.94297648507616,"Millennial"
"861","icr030145",3.25046148457429,"Millennial"
"862","icr030174",3.29823264173907,"Millennial"
"863","icr030176",3.3376301608105,"Millennial"
"864","icr030181",3.15233099888665,"Millennial"
"865","icr030185",2.88309628501115,"Millennial"
"866","icr030190",3.12801821286211,"Millennial"
"867","icr030192",3.30088934025608,"Millennial"
"868","icr030206",3.09139144786103,"Millennial"
"869","icr030214",3.03607439779199,"Millennial"
"870","icr030232",2.96462157637308,"Millennial"
"871","icr030234",2.96698106545393,"Millennial"
"872","icr030244",3.25245176010309,"Millennial"
"873","icr030260",2.94618914974716,"Millennial"
"874","icr030268",2.8815650768587,"Millennial"
"875","icr030270",3.16804985446559,"Millennial"
"876","icr030282",2.83326509978957,"Millennial"
"877","icr030284",3.24296086431803,"Millennial"
"878","icr030288",3.02026695828625,"Millennial"
"879","icr030300",3.06116779424982,"Millennial"
"880","icr030310",2.93720706491065,"Millennial"
"881","icr030323",3.20407607317508,"Millennial"
"882","icr030325",3.2754443885457,"Millennial"
"883","icr030326",3.26532924922752,"Millennial"
"884","icr030328",3.20512195614075,"Millennial"
"885","icr030330",3.30171855075865,"Millennial"
"886","icr030334",2.07715155120583,"Millennial"
"887","icr030335",2.08014200282544,"Millennial"
"888","icr030345",2.01649093465492,"Millennial"
"889","icr030346",2.09107710864685,"Millennial"
"890","icr030351",2.06682149575205,"Millennial"
"891","icr030369",2.004435704887,"Millennial"
"892","icr030370",1.51053185318733,"Millennial"
"893","icr030375",2.03988652341989,"Millennial"
"894","icr030379",1.95872272882726,"Millennial"
"895","icr030381",1.83883021348386,"Millennial"
"896","icr030386",2.08576894286519,"Millennial"
"897","icr030393",2.08512030137993,"Millennial"
"898","icr030397",2.05587699582305,"Millennial"
"899","icr030409",2.08665403628536,"Millennial"
"900","icr030411",1.93824896209003,"Millennial"
"901","icr030419",2.04494156701939,"Millennial"
"902","icr030420",2.04436216660074,"Millennial"
"903","icr030422",1.94952066089471,"Millennial"
"904","icr030424",2.07437788902794,"Millennial"
"905","icr030425",2.04023901364491,"Millennial"
"906","icr030426",2.01830435716101,"Millennial"
"907","icr030427",1.99888856150996,"Millennial"
"908","icr030428",2.06709037657933,"Millennial"
"909","icr030432",2.06444697840328,"Millennial"
"910","icr030434",1.99845322003686,"Millennial"
"911","icr030435",1.98093046604581,"Millennial"
"912","icr030480",2.04599098879193,"Millennial"
"913","icr030482",2.06595315006917,"Millennial"
"914","icr030489",2.05532920346636,"Millennial"
"915","icr030493",1.8653183782774,"Millennial"
"916","icr030513",2.06553917895437,"Millennial"
"917","icr030515",2.32160939656293,"Millennial"
"918","icr030547",2.22213419425636,"Millennial"
"919","icr033391",3.44378448855222,"Millennial"
"920","icr033396",3.7994265194648,"Millennial"
"921","icr033398",3.50438878509982,"Millennial"
"922","icr033400",4.00068468381492,"Millennial"
"923","icr033402",3.78166473468244,"Millennial"
"924","icr033404",3.84905557322322,"Millennial"
"925","icr033406",3.4144469493783,"Millennial"
"926","icr033411",3.57327091195091,"Millennial"
"927","icr033413",3.6406216012636,"Millennial"
"928","icr033415",3.55871616740898,"Millennial"
"929","icr033417",2.67983239852806,"Millennial"
"930","icr033419",1.74834149931088,"Millennial"
"931","icr033447",3.62489223967666,"Millennial"
"932","icr033451",2.79597301864072,"Millennial"
"933","icr033452",3.04895783730156,"Millennial"
"934","icr033470",2.11751007068204,"Millennial"
"935","icr033472",2.11773512688709,"Millennial"
"936","icr033474",2.77342929303527,"Millennial"
"937","icr033476",2.71297829983418,"Millennial"
"938","icr033490",3.79622119209509,"Millennial"
"939","icr033508",3.09280121148949,"Millennial"
"940","icr033509",3.25981084643818,"Millennial"
"941","icr033511",2.9316155628972,"Millennial"
"942","icr033533",2.22492203336081,"Millennial"
"943","icr033535",2.87677298073249,"Millennial"
"944","icr033541",2.99809739383931,"Millennial"
"945","icr033545",3.56081470126968,"Millennial"
"946","icr033551",3.44761691872949,"Millennial"
"947","icr033553",3.15116411927759,"Millennial"
"948","icr033555",3.59896984838062,"Millennial"
"949","icr033557",3.43575873248394,"Millennial"
"950","icr033559",3.25973925204272,"Millennial"
"951","icr033561",3.35054842836594,"Millennial"
"952","icr033568",3.38405383416575,"Millennial"
"953","icr033570",3.49956699554868,"Millennial"
"954","icr033571",2.8996286202081,"Millennial"
"955","icr033572",2.70524665958877,"Millennial"
"956","icr033580",3.31233818897436,"Millennial"
"957","icr033584",2.16635170964788,"Millennial"
"958","icr033588",1.09824109910872,"Millennial"
"959","icr033592",3.05640440860734,"Millennial"
"960","icr033598",3.52430729647896,"Millennial"
"961","icr033602",2.70444429405668,"Millennial"
"962","icr033616",2.56247864219097,"Millennial"
"963","icr033618",2.61083891228064,"Millennial"
"964","icr033619",2.52320423653692,"Millennial"
"965","icr033625",2.49650504276999,"Millennial"
"966","icr033627",2.46494294880351,"Millennial"
"967","icr033631",2.35500877703023,"Millennial"
"968","icr033632",2.39322401481244,"Millennial"
"969","icr033634",2.46710552337888,"Millennial"
"970","icr033636",2.49380940857569,"Millennial"
"971","icr033637",2.63750658655977,"Millennial"
"972","icr033644",2.32134359595153,"Millennial"
"973","icr033646",2.7255886101166,"Millennial"
"974","icr033648",2.73289054352432,"Millennial"
"975","icr033650",2.55600818562153,"Millennial"
"976","icr033652",2.66768374606365,"Millennial"
"977","icr033660",2.71025396980982,"Millennial"
"978","icr033664",2.76160510292855,"Millennial"
"979","icr033666",2.66761724371938,"Millennial"
"980","icr033670",2.63078729775468,"Millennial"
"981","icr033672",2.72663556338753,"Millennial"
"982","icr033680",2.67181022990982,"Millennial"
"983","icr033684",2.74925772475318,"Millennial"
"984","icr033690",2.67539662817475,"Millennial"
"985","icr033704",2.73238108685302,"Millennial"
"986","icr033710",2.71410590897143,"Millennial"
"987","icr033716",2.74137110458787,"Millennial"
"988","icr033724",2.50775739101813,"Millennial"
"989","icr033727",2.75790437124596,"Millennial"
"990","icr033729",2.57258115918925,"Millennial"
"991","icr033732",2.57087003681472,"Millennial"
"992","icr033738",2.66683247167558,"Millennial"
"993","icr033748",2.48582443458119,"Millennial"
"994","icr033750",2.51391564751841,"Millennial"
"995","icr033752",2.69955122504482,"Millennial"
"996","icr033754",2.71561477240016,"Millennial"
"997","icr033756",2.51953051937759,"Millennial"
"998","icr033757",2.68874655828697,"Millennial"
"999","icr033767",2.70776376028478,"Millennial"
"1000","icr033769",2.74022337760891,"Millennial"
"1001","icr033781",2.74333026453937,"Millennial"
"1002","icr033787",2.53951808442951,"Millennial"
"1003","icr033801",2.73797095023987,"Millennial"
"1004","icr033805",2.36838666134314,"Millennial"
"1005","icr033815",2.65372179258146,"Millennial"
"1006","icr033819",2.75259932221138,"Millennial"
"1007","icr033833",2.73876110201306,"Millennial"
"1008","icr033845",2.74381202165779,"Millennial"
"1009","icr033847",2.72384461376403,"Millennial"
"1010","icr033863",2.68278521934762,"Millennial"
"1011","icr033869",2.69021867892817,"Millennial"
"1012","icr033873",2.58478559747153,"Millennial"
"1013","icr033874",2.75653005097794,"Millennial"
"1014","icr033878",2.55772743135588,"Millennial"
"1015","icr033880",2.70251699886717,"Millennial"
"1016","icr033896",2.65989899973109,"Millennial"
"1017","icr033902",2.71740778175295,"Millennial"
"1018","icr033904",2.72756602060777,"Millennial"
"1019","icr034422",2.91896734744206,"Millennial"
"1020","icr037453",2.99604925419408,"Millennial"
"1021","icr037531",2.845947223995,"Millennial"
"1022","icr037574",2.97648100905494,"Millennial"
"1023","icr037590",3.35681470028235,"Millennial"
"1024","icr037626",3.02955537396047,"Millennial"
"1025","icr037689",3.85684482838689,"Millennial"
"1026","icr037699",3.54275325890112,"Millennial"
"1027","icr037767",3.84712898892862,"Millennial"
"1028","icr037843",3.83993512629214,"Millennial"
"1029","icr037869",3.66059147501562,"Millennial"
"1030","icr037901",3.56648249108422,"Millennial"
"1031","icr037927",3.69483366527582,"Millennial"
"1032","icr037969",3.73860345761582,"Millennial"
"1033","icr037986",4.03930521958443,"Millennial"
"1034","icr038034",3.86370262610251,"Millennial"
"1035","icr038102",3.90383612597297,"Millennial"
"1036","icr038110",3.65087726893908,"Millennial"
"1037","icr038116",3.91337364837367,"Millennial"
"1038","icr038118",3.44933893748175,"Millennial"
"1039","icr038142",3.39065476510487,"Millennial"
"1040","icr038147",3.89911769167198,"Millennial"
"1041","icr038154",3.53365227012181,"Millennial"
"1042","icr038156",3.61768378757231,"Millennial"
"1043","icr038158",3.49027267812813,"Millennial"
"1044","icr038162",3.53466662655787,"Millennial"
"1045","icr038167",3.56544454162686,"Millennial"
"1046","icr038169",3.52256594427441,"Millennial"
"1047","icr038191",4.16870126519468,"Millennial"
"1048","icr038193",3.81313021047085,"Millennial"
"1049","icr038197",3.82083177662645,"Millennial"
"1050","icr038200",4.10247197688751,"Millennial"
"1051","icr038202",3.73477064399892,"Millennial"
"1052","icr038218",4.26143864566673,"Millennial"
"1053","icr038227",3.47840652247032,"Millennial"
"1054","icr038229",3.35675538144719,"Millennial"
"1055","icr038236",3.86509501362295,"Millennial"
"1056","icr038239",3.62688049865981,"Millennial"
"1057","icr038242",3.48778909307773,"Millennial"
"1058","icr038249",3.6559090836076,"Millennial"
"1059","icr038263",3.49450158787104,"Millennial"
"1060","icr038273",3.61575971898871,"Millennial"
"1061","icr038281",3.63736806342107,"Millennial"
"1062","icr038288",3.26846749293923,"Millennial"
"1063","icr038291",3.60585968754819,"Millennial"
"1064","icr038293",3.50216187441008,"Millennial"
"1065","icr038299",3.42573011292975,"Millennial"
"1066","icr038301",3.02392027979082,"Millennial"
"1067","icr038302",3.26541406332564,"Millennial"
"1068","icr038304",3.33403678469176,"Millennial"
"1069","icr038320",3.56502659413379,"Millennial"
"1070","icr038345",3.67173169862129,"Millennial"
"1071","icr038357",3.46937194723683,"Millennial"
"1072","icr038363",3.44555117555776,"Millennial"
"1073","icr038368",3.40685960482412,"Millennial"
"1074","icr038377",3.40776379346024,"Millennial"
"1075","icr038381",3.42915187695366,"Millennial"
"1076","icr041643",3.40908074234191,"Millennial"
"1077","icr041647",4.07356194194095,"Millennial"
"1078","icr041649",4.20251901154135,"Millennial"
"1079","icr041651",4.17955864169489,"Millennial"
"1080","icr041655",3.71800115402597,"Millennial"
"1081","icr041659",4.08983464982402,"Millennial"
"1082","icr041673",4.24568568177225,"Millennial"
"1083","icr041679",4.02524291588761,"Millennial"
"1084","icr041685",3.9097899552781,"Millennial"
"1085","icr041699",3.54857799666297,"Millennial"
"1086","icr041717",4.11880728062768,"Millennial"
"1087","icr041733",4.10175007778153,"Millennial"
"1088","icr041735",3.82494018106767,"Millennial"
"1089","icr041741",3.38670369172865,"Millennial"
"1090","icr041743",3.60448264552512,"Millennial"
"1091","icr041747",4.02786193696741,"Millennial"
"1092","icr041751",3.52692182611506,"Millennial"
"1093","icr041755",3.45161630080541,"Millennial"
"1094","icr041765",4.24323719070471,"Millennial"
"1095","icr041777",4.06713542314435,"Millennial"
"1096","icr041789",3.52207410525133,"Millennial"
"1097","icr041813",3.9294277011475,"Millennial"
"1098","icr041821",4.07311893872102,"Millennial"
"1099","icr041825",4.16355333890173,"Millennial"
"1100","icr041830",3.91960583942558,"Millennial"
"1101","icr041834",3.72773224614145,"Millennial"
"1102","icr041838",3.44094636566227,"Millennial"
"1103","icr041854",3.69840533560849,"Millennial"
"1104","icr041868",3.28320461266905,"Millennial"
"1105","icr041878",4.07476216479402,"Millennial"
"1106","icr041882",3.6514716467372,"Millennial"
"1107","icr041884",3.81285352806816,"Millennial"
"1108","icr041888",3.81306242810032,"Millennial"
"1109","icr041890",3.82959483519797,"Millennial"
"1110","icr041892",3.18491324895074,"Millennial"
"1111","icr041898",3.74437548376832,"Millennial"
"1112","icr041904",3.92572756581141,"Millennial"
"1113","icr041912",3.62739939712909,"Millennial"
"1114","icr041914",3.2750757667374,"Millennial"
"1115","icr041917",3.44796688899385,"Millennial"
"1116","icr041925",3.90305573758036,"Millennial"
"1117","icr041935",3.68837222657536,"Millennial"
"1118","icr041949",3.58531860613936,"Millennial"
"1119","icr041987",3.67817419004611,"Millennial"
"1120","icr041992",3.91947000441357,"Millennial"
"1121","icr041999",3.33086996845175,"Millennial"
"1122","icr042024",3.77617900254656,"Millennial"
"1123","icr042066",3.54272621436363,"Millennial"
"1124","icr042070",2.92922918933367,"Millennial"
"1125","icr042074",3.39625652627373,"Millennial"
"1126","icr042080",4.08697110994945,"Millennial"
"1127","icr042082",4.19851489647416,"Millennial"
"1128","icr042103",3.83233916663679,"Millennial"
"1129","icr042108",3.65097219052134,"Millennial"
"1130","icr042113",3.70424133286279,"Millennial"
"1131","icr042117",4.4410801187872,"Millennial"
"1132","icr042121",3.40413935287708,"Millennial"
"1133","icr042122",4.08489972230557,"Millennial"
"1134","icr042132",4.17581304273527,"Millennial"
"1135","icr042141",3.63732964015922,"Millennial"
"1136","icr042147",3.98633086518122,"Millennial"
"1137","icr042149",4.04221398392988,"Millennial"
"1138","icr042152",3.66953499506196,"Millennial"
"1139","icr042162",3.65332547790017,"Millennial"
"1140","icr042168",3.89357144292415,"Millennial"
"1141","icr042170",3.5011874411215,"Millennial"
"1142","icr042180",3.28458089008786,"Millennial"
"1143","icr042189",3.88095259359655,"Millennial"
"1144","icr042191",3.7994308824759,"Millennial"
"1145","icr042193",4.38335236575521,"Millennial"
"1146","icr042203",4.05896437376989,"Millennial"
"1147","icr042204",3.68854537754376,"Millennial"
"1148","icr042210",3.70407471913261,"Millennial"
"1149","icr042239",3.46289617452741,"Millennial"
"1150","icr042241",4.27636656381515,"Millennial"
"1151","icr042245",3.81530820027471,"Millennial"
"1152","icr042249",3.70672503557243,"Millennial"
"1153","icr042253",3.68651999836271,"Millennial"
"1154","icr042263",3.75347042443278,"Millennial"
"1155","icr042265",3.38883062541065,"Millennial"
"1156","icr042267",3.32318015939678,"Millennial"
"1157","icr042271",3.71656550093255,"Millennial"
"1158","icr042273",3.6216282900516,"Millennial"
"1159","icr042275",3.45250744844325,"Millennial"
"1160","icr042279",3.44910574950549,"Millennial"
"1161","icr042280",3.87295152280431,"Millennial"
"1162","icr042282",3.60410637873631,"Millennial"
"1163","icr042790",3.99336995830471,"Millennial"
"1164","icr042836",3.74404813138855,"Millennial"
"1165","icr042867",3.69156193065927,"Millennial"
"1166","icr042896",3.87454281304421,"Millennial"
"1167","icr042930",3.67657446215384,"Millennial"
"1168","icr042990",3.84979321729156,"Millennial"
"1169","icr043068",3.9104291788562,"Millennial"
"1170","icr043248",4.31084753276026,"Millennial"
"1171","icr043266",4.26890076513985,"Millennial"
"1172","icr043287",4.95818128332278,"Millennial"
"1173","icr043347",4.47539995586791,"Millennial"
"1174","icr043401",4.91342298464395,"Millennial"
"1175","icr048485",4.04084941551018,"Millennial"
"1176","icr048520",3.63086296445386,"Millennial"
"1177","icr048642",4.49706296941302,"Millennial"
"1178","icr048664",4.34513192800519,"Millennial"
"1179","icr048704",4.5097544055548,"Millennial"
"1180","icr048755",2.3548020067816,"Millennial"
"1181","icr048837",2.04755836401016,"Millennial"
"1182","icr048942",2.16638934377954,"Millennial"
"1183","icr049074",2.26562029328835,"Millennial"
"1184","icr050214",3.27881899590039,"Millennial"
"1185","icr050234",3.98665470432522,"Millennial"
"1186","icr050254",3.55427941299121,"Millennial"
"1187","icr050274",3.29117789043255,"Millennial"
"1188","icr050294",3.83389523528965,"Millennial"
"1189","icr050354",3.6081812272428,"Millennial"
"1190","icr054165",3.86259998051192,"Millennial"
"1191","icr054175",4.13624418301273,"Millennial"
"1192","icr054181",4.1660281049744,"Millennial"
"1193","icr054187",3.721951225048,"Millennial"
"1194","icr054188",3.74158988294632,"Millennial"
"1195","icr054190",3.85588764197713,"Millennial"
"1196","icr054194",3.81717026971309,"Millennial"
"1197","icr054201",3.79889846225873,"Millennial"
"1198","icr054205",3.77131934202855,"Millennial"
"1199","icr054214",3.77261523321642,"Millennial"
"1200","icr054222",3.72636121997751,"Millennial"
"1201","icr054232",4.13231949563792,"Millennial"
"1202","icr054234",3.88473861274085,"Millennial"
"1203","icr054250",3.91239990105587,"Millennial"
"1204","icr054256",4.45861050994691,"Millennial"
"1205","icr054260",3.76281621183328,"Millennial"
"1206","icr054269",3.83913596608235,"Millennial"
"1207","icr054285",4.01971448848205,"Millennial"
"1208","icr054287",4.12090154383561,"Millennial"
"1209","icr054289",3.52352930702174,"Millennial"
"1210","icr054293",4.10491034996651,"Millennial"
"1211","icr054301",3.91999594812176,"Millennial"
"1212","icr054307",3.75657913858886,"Millennial"
"1213","icr054309",3.83006934244583,"Millennial"
"1214","icr054315",3.76962842446673,"Millennial"
"1215","icr054317",3.83258852250318,"Millennial"
"1216","icr054321",3.75876426323261,"Millennial"
"1217","icr054322",4.40414133825327,"Millennial"
"1218","icr054324",3.82126398167076,"Millennial"
"1219","icr054326",3.9208247251112,"Millennial"
"1220","icr054328",3.70964835683864,"Millennial"
"1221","icr054330",3.9351141947991,"Millennial"
"1222","icr054332",3.81353242556594,"Millennial"
"1223","icr054336",3.77992090000054,"Millennial"
"1224","icr054340",3.98915574739777,"Millennial"
"1225","icr054348",3.91543555349724,"Millennial"
"1226","icr054357",4.04580361057737,"Millennial"
"1227","icr054358",4.03268125416308,"Millennial"
"1228","icr054362",3.79444560663089,"Millennial"
"1229","icr054363",3.89673216674506,"Millennial"
"1230","icr054365",3.94368220703671,"Millennial"
"1231","icr054368",3.79756344922453,"Millennial"
"1232","icr054369",3.97522358436757,"Millennial"
"1233","icr054372",3.92712529518233,"Millennial"
"1234","icr054374",4.01710084973172,"Millennial"
"1235","icr054387",3.96091167769012,"Millennial"
"1236","icr054391",4.21579128795316,"Millennial"
"1237","icr054395",4.21708800258728,"Millennial"
"1238","icr054400",3.82566960417133,"Millennial"
"1239","icr054405",3.78504915418976,"Millennial"
"1240","icr054410",3.83197059323616,"Millennial"
"1241","icr054414",3.95853680918915,"Millennial"
"1242","icr054415",4.00332909061138,"Millennial"
"1243","icr054417",3.67731528746474,"Millennial"
"1244","icr054426",3.77339705132347,"Millennial"
"1245","icr054433",3.6467303999022,"Millennial"
"1246","icr054439",3.96451824834753,"Millennial"
"1247","icr054443",4.16789397689955,"Millennial"
"1248","icr054444",4.20799691540894,"Millennial"
"1249","icr054445",3.96757611605781,"Millennial"
"1250","icr054449",4.00511820906857,"Millennial"
"1251","icr054455",4.01181678192257,"Millennial"
"1252","icr054471",3.54296818517691,"Millennial"
"1253","icr054476",3.38467861215402,"Millennial"
"1254","icr054479",3.34867416327128,"Millennial"
"1255","icr054506",4.1056921340173,"Millennial"
"1256","icr054509",4.41666608464102,"Millennial"
"1257","icr054510",3.74374182151564,"Millennial"
"1258","icr054520",4.11115119542229,"Millennial"
"1259","icr054521",4.12099096162478,"Millennial"
"1260","icr054522",3.831008567085,"Millennial"
"1261","icr054523",3.86423420492758,"Millennial"
"1262","icr054527",3.84656381163317,"Millennial"
"1263","icr054529",3.17227756734894,"Millennial"
"1264","icr054531",3.50282224439982,"Millennial"
"1265","icr054532",3.50051188556656,"Millennial"
"1266","icr054540",3.10749608396359,"Millennial"
"1267","icr054556",3.374877302469,"Millennial"
"1268","icr054560",3.3333749262203,"Millennial"
"1269","icr054564",3.31543378847711,"Millennial"
"1270","icr054566",3.34501315220485,"Millennial"
"1271","icr054574",3.49851736641118,"Millennial"
"1272","icr054595",3.20291224351368,"Millennial"
"1273","icr054596",3.39999011941827,"Millennial"
"1274","icr054598",3.29525760295666,"Millennial"
"1275","icr054614",3.6878627388747,"Millennial"
"1276","icr054626",3.66172301299242,"Millennial"
"1277","icr054633",3.45335597590258,"Millennial"
"1278","icr054635",3.4926265773043,"Millennial"
"1279","icr054639",3.57534396030719,"Millennial"
"1280","icr054643",3.25070159267041,"Millennial"
"1281","icr054645",2.89886959009345,"Millennial"
"1282","icr054646",3.35103021657743,"Millennial"
"1283","icr054654",3.23198487634147,"Millennial"
"1284","icr054684",3.4348399800179,"Millennial"
"1285","icr054703",3.2578828825719,"Millennial"
"1286","icr054709",3.53302436432047,"Millennial"
"1287","icr054713",3.49516906666223,"Millennial"
"1288","icr056220",3.90658097271054,"Millennial"
"1289","icr056360",4.07809074977843,"Millennial"
"1290","icr056500",3.50785305556046,"Millennial"
"1291","icr062136",4.55254106135967,"Millennial"
"1292","icr062138",4.71524341844749,"Millennial"
"1293","icr062139",4.65199950579235,"Millennial"
"1294","icr062141",4.26892175022563,"Millennial"
"1295","icr062143",4.66048850024493,"Millennial"
"1296","icr062145",4.25032085340436,"Millennial"
"1297","icr062149",4.65639018122689,"Millennial"
"1298","icr062151",4.44812337991785,"Millennial"
"1299","icr062153",4.67643868512424,"Millennial"
"1300","icr062157",4.70079873219162,"Millennial"
"1301","icr062159",4.631171141178,"Millennial"
"1302","icr062165",4.46498731311457,"Millennial"
"1303","icr062167",4.66138009585211,"Millennial"
"1304","icr062169",4.70568350796251,"Millennial"
"1305","icr062173",4.69973243145777,"Millennial"
"1306","icr062175",4.80866553511074,"Millennial"
"1307","icr062179",4.3591479970438,"Millennial"
"1308","icr062181",4.73603118012598,"Millennial"
"1309","icr062183",4.63522417265415,"Millennial"
"1310","icr062187",4.49759720586437,"Millennial"
"1311","icr062195",4.83605569553097,"Millennial"
"1312","icr062197",4.65656173708376,"Millennial"
"1313","icr062199",4.79158927764158,"Millennial"
"1314","icr062201",4.58810706937878,"Millennial"
"1315","icr062203",4.19015720725735,"Millennial"
"1316","icr062209",4.33641989551817,"Millennial"
"1317","icr062211",4.73580575764966,"Millennial"
"1318","icr062213",4.65982200975687,"Millennial"
"1319","icr062219",4.6968925687313,"Millennial"
"1320","icr062227",4.7461267942071,"Millennial"
"1321","icr062231",4.65094660583674,"Millennial"
"1322","icr062237",4.57002941686541,"Millennial"
"1323","icr062239",4.61923884589614,"Millennial"
"1324","icr062241",4.06676376600736,"Millennial"
"1325","icr062243",4.6701217035311,"Millennial"
"1326","icr062247",4.41348025423759,"Millennial"
"1327","icr062249",4.66551840446325,"Millennial"
"1328","icr062251",4.56523496067535,"Millennial"
"1329","icr062253",4.56421969803973,"Millennial"
"1330","icr062259",4.59093169000011,"Millennial"
"1331","icr062261",4.30829182989538,"Millennial"
"1332","icr062263",4.14056417021832,"Millennial"
"1333","icr062265",4.81669730602185,"Millennial"
"1334","icr062267",4.67702541263036,"Millennial"
"1335","icr062280",4.39965441340784,"Millennial"
"1336","icr062281",4.34032739558604,"Millennial"
"1337","icr062285",4.04219373129995,"Millennial"
"1338","icr062287",4.62998375705315,"Millennial"
"1339","icr062289",4.64643948071561,"Millennial"
"1340","icr062292",4.55800187012523,"Millennial"
"1341","icr062294",4.67708105655056,"Millennial"
"1342","icr062296",4.77648262067992,"Millennial"
"1343","icr062298",4.65684976915232,"Millennial"
"1344","icr062302",4.73459467542778,"Millennial"
"1345","icr062306",4.69136376742186,"Millennial"
"1346","icr062308",4.7600946084898,"Millennial"
"1347","icr062310",4.7610866290457,"Millennial"
"1348","icr062312",4.62794213224734,"Millennial"
"1349","icr062316",3.86376132547556,"Millennial"
"1350","icr062318",4.60119273439113,"Millennial"
"1351","icr062320",4.61099319319011,"Millennial"
"1352","icr062322",4.63026629430076,"Millennial"
"1353","icr062324",4.58311285424704,"Millennial"
"1354","icr062330",4.56419549777993,"Millennial"
"1355","icr062334",4.49038447683161,"Millennial"
"1356","icr062336",4.70931914502143,"Millennial"
"1357","icr062338",4.61759225680973,"Millennial"
"1358","icr062339",4.36094421772756,"Millennial"
"1359","icr062343",4.59469165527929,"Millennial"
"1360","icr062347",4.67233578148672,"Millennial"
"1361","icr062351",4.54557069576733,"Millennial"
"1362","icr062353",4.72831247036785,"Millennial"
"1363","icr062355",4.71985222475517,"Millennial"
"1364","icr062357",4.62747073283706,"Millennial"
"1365","icr062359",4.7129952522497,"Millennial"
"1366","icr062365",4.73347925749532,"Millennial"
"1367","icr062369",4.61933831399128,"Millennial"
"1368","icr062375",4.33819964205663,"Millennial"
"1369","icr062381",4.16629100758756,"Millennial"
"1370","icr062383",4.21458131804427,"Millennial"
"1371","icr062385",3.81264510429909,"Millennial"
"1372","icr062387",4.30654672238882,"Millennial"
"1373","icr062391",4.19321575256359,"Millennial"
"1374","icr062393",3.63237394991929,"Millennial"
"1375","icr062395",4.29342687041723,"Millennial"
"1376","icr062399",3.99483849695456,"Millennial"
"1377","icr062403",4.00703143436224,"Millennial"
"1378","icr062405",4.29540704733548,"Millennial"
"1379","icr062407",4.02404873415149,"Millennial"
"1380","icr062409",3.99644850138697,"Millennial"
"1381","icr062411",4.09943107532516,"Millennial"
"1382","icr062415",4.61065878603773,"Millennial"
"1383","icr062417",4.07178674595324,"Millennial"
"1384","icr062421",4.16909369266254,"Millennial"
"1385","icr062425",4.14599933425665,"Millennial"
"1386","icr062427",4.16662106673064,"Millennial"
"1387","icr062431",4.1788818985131,"Millennial"
"1388","icr062435",4.35204388085526,"Millennial"
"1389","icr062437",4.02208560075482,"Millennial"
"1390","icr062439",4.29794783877132,"Millennial"
"1391","icr062443",3.86568247824143,"Millennial"
"1392","icr062451",4.12526639082723,"Millennial"
"1393","icr068101",5.05190249125378,"Millennial"
"1394","icr068131",4.21135863493922,"Millennial"
"1395","icr068149",3.64654364325036,"Millennial"
"1396","icr068161",4.96682365229695,"Millennial"
"1397","icr068199",5.20289795621269,"Millennial"
"1398","icr068221",4.65148870894362,"Millennial"
"1399","icr068265",4.417659495956,"Millennial"
"1400","icr068279",5.39253575359334,"Millennial"
"1401","icr068321",6.48613821073753,"Millennial"
"1402","icr068339",4.58673533032971,"Millennial"
"1403","icr068361",5.37275019155191,"Millennial"
"1404","icr068381",5.42709441147645,"Millennial"
"1405","icr068399",4.94619584914126,"Millennial"
"1406","icr068419",2.11789598958791,"Millennial"
"1407","icr068499",2.14891888580324,"Millennial"
"1408","icr068521",2.04726492960252,"Millennial"
"1409","icr068539",2.35798077089148,"Millennial"
"1410","icr068579",2.18570835968803,"Millennial"
"1411","icr068677",1.87751965510442,"Millennial"
"1412","icr068717",2.14504087933521,"Millennial"
"1413","icr069849",2.22073477458537,"Millennial"
"1414","icr069869",2.9410820205188,"Millennial"
"1415","icr070029",3.52545063018339,"Millennial"
"1416","icr070112",4.6398258357827,"Millennial"
"1417","icr070124",4.06283687599508,"Millennial"
"1418","icr070164",4.02932895453456,"Millennial"
"1419","icr070202",3.66581218743708,"Millennial"
"1420","icr070262",3.13544783093889,"Millennial"
"1421","icr070328",2.90084856772594,"Millennial"
"1422","icr070370",3.34815491498326,"Millennial"
"1423","icr070386",3.20250489869545,"Millennial"
"1424","icr072246",3.49044344380091,"Millennial"
"1425","icr072286",3.44829855708397,"Millennial"
"1426","icr072365",3.98957889566459,"Millennial"
"1427","icr072405",3.13657003749123,"Millennial"
"1428","icr072425",3.53741194689142,"Millennial"
"1429","icr072544",3.31018544083973,"Millennial"
"1430","icr072596",3.30255815833154,"Millennial"
"1431","icr072616",3.36764033395532,"Millennial"
"1432","icr072656",3.36739719576743,"Millennial"
"1433","icr072696",3.39918786129192,"Millennial"
"1434","icr072716",2.77973938032439,"Millennial"
"1435","icr072756",3.19230874189152,"Millennial"
"1436","icr072816",3.12071874997163,"Millennial"
"1437","icr072836",2.78359845485004,"Millennial"
"1438","icr072896",3.15441972562048,"Millennial"
"1439","icr072948",4.06962513537793,"Millennial"
"1440","icr072968",3.88071553740916,"Millennial"
"1441","icr073008",4.14837186264437,"Millennial"
"1442","icr073068",3.96003967541155,"Millennial"
"1443","icr073128",3.56368540122588,"Millennial"
"1444","icr073148",3.88381565927392,"Millennial"
"1445","icr073168",3.47380229608047,"Millennial"
"1446","icr073208",4.34184110786922,"Millennial"
"1447","icr073228",4.0403468089543,"Millennial"
"1448","icr073300",4.186763010138,"Millennial"
"1449","icr073320",3.95126129858045,"Millennial"
"1450","icr073340",4.158795238517,"Millennial"
"1451","icr073361",4.11312957127654,"Millennial"
"1452","icr073379",4.15565264224944,"Millennial"
"1453","icr073399",4.18803882986478,"Millennial"
"1454","icr073439",4.04529690059221,"Millennial"
"1455","icr073479",4.28686829358051,"Millennial"
"1456","icr073519",4.15292743382099,"Millennial"
"1457","icr073539",4.1967686300136,"Millennial"
"1458","icr073558",3.85049890050294,"Millennial"
"1459","icr073578",4.00131246677774,"Millennial"
"1460","icr074045",3.93514408182525,"Millennial"
"1461","icr074122",3.54390194460199,"Millennial"
"1462","icr074159",3.5435634136624,"Millennial"
"1463","icr074318",3.50696839454233,"Millennial"
"1464","icr074336",3.26347968773422,"Millennial"
"1465","icr074356",2.56100810108089,"Millennial"
"1466","icr074376",3.36814058613329,"Millennial"
"1467","icr074396",3.17156849306211,"Millennial"
"1468","icr074413",3.3742291693307,"Millennial"
"1469","icr074433",3.25067975724641,"Millennial"
"1470","icr074470",2.88985657264855,"Millennial"
"1471","icr074509",2.34728813024221,"Millennial"
"1472","icr074529",3.19941469598551,"Millennial"
"1473","icr074544",2.76464129633612,"Millennial"
"1474","icr074580",2.67608805966156,"Millennial"
"1475","icr074631",1.83772614833545,"Millennial"
"1476","icr074671",2.47063672577368,"Millennial"
"1477","icr074691",2.93538816565243,"Millennial"
"1478","icr074731",2.22501575442085,"Millennial"
"1479","icr074751",2.0285502748064,"Millennial"
"1480","icr074771",2.45318422485949,"Millennial"
"1481","icr074891",1.89043339614822,"Millennial"
"1482","icr074983",2.64590759964886,"Millennial"
"1483","icr075023",2.9512645420725,"Millennial"
"1484","icr075083",2.44224453782307,"Millennial"
"1485","icr075143",2.7617902082452,"Millennial"
"1486","icr075224",2.85592832991943,"Millennial"
"1487","icr075240",2.36116447362207,"Millennial"
"1488","icr075260",2.40509325477782,"Millennial"
"1489","icr075350",3.99763314512312,"Millennial"
"1490","icr075410",4.55427594204392,"Millennial"
"1491","icr075528",3.84821714549125,"Millennial"
"1492","icr075676",2.82624910079101,"Millennial"
"1493","icr075696",2.83749416356402,"Millennial"
"1494","icr075736",3.63536423128054,"Millennial"
"1495","icr075756",2.37525184079953,"Millennial"
"1496","icr075796",3.42971836610722,"Millennial"
"1497","icr075876",3.65026058319106,"Millennial"
"1498","icr075916",3.43679017436716,"Millennial"
"1499","icr076353",2.91328098819351,"Millennial"
"1500","icr076355",3.34609993140753,"Millennial"
"1501","icr076357",3.1365596206343,"Millennial"
"1502","icr076362",3.3685825953205,"Millennial"
"1503","icr076366",3.67812071291132,"Millennial"
"1504","icr076368",3.26975878376867,"Millennial"
"1505","icr076372",3.45766454019195,"Millennial"
"1506","icr076374",3.56533775797985,"Millennial"
"1507","icr076386",3.1439429239192,"Millennial"
"1508","icr076392",3.28603043509915,"Millennial"
"1509","icr076400",3.40511698288703,"Millennial"
"1510","icr076406",3.59862189097528,"Millennial"
"1511","icr076408",3.7153388818697,"Millennial"
"1512","icr076410",3.4586497018628,"Millennial"
"1513","icr076412",3.33092945994344,"Millennial"
"1514","icr076418",3.34071957432594,"Millennial"
"1515","icr076420",3.72834143658,"Millennial"
"1516","icr076422",3.49946077119892,"Millennial"
"1517","icr076424",3.49460798615949,"Millennial"
"1518","icr076442",3.41997871822758,"Millennial"
"1519","icr076446",3.34719896398335,"Millennial"
"1520","icr076452",3.64650566025634,"Millennial"
"1521","icr076460",3.37512896816869,"Millennial"
"1522","icr076474",3.27373074877097,"Millennial"
"1523","icr076478",3.32169926809334,"Millennial"
"1524","icr076480",3.28255951237961,"Millennial"
"1525","icr076490",3.53556079999542,"Millennial"
"1526","icr076492",3.24585485926489,"Millennial"
"1527","icr076494",3.49361764778911,"Millennial"
"1528","icr076506",3.28380555025558,"Millennial"
"1529","icr076508",3.49919377320558,"Millennial"
"1530","icr076512",3.49671915427132,"Millennial"
"1531","icr076518",3.34845040882168,"Millennial"
"1532","icr076526",3.2756973669209,"Millennial"
"1533","icr076527",3.4759728815665,"Millennial"
"1534","icr076533",3.23317984838717,"Millennial"
"1535","icr076547",3.28433810683045,"Millennial"
"1536","icr076551",3.3353892545831,"Millennial"
"1537","icr076555",3.22942705916683,"Millennial"
"1538","icr076569",3.2449311938509,"Millennial"
"1539","icr076571",3.24707906341949,"Millennial"
"1540","icr076573",3.35983651329974,"Millennial"
"1541","icr076589",3.33939636641505,"Millennial"
"1542","icr076605",3.4384568825604,"Millennial"
"1543","icr076607",3.43589292272689,"Millennial"
"1544","icr076611",3.48466693685893,"Millennial"
"1545","icr076613",3.41893896841441,"Millennial"
"1546","icr076617",3.48595195943811,"Millennial"
"1547","icr076623",3.35716232165679,"Millennial"
"1548","icr076627",3.26007791131008,"Millennial"
"1549","icr076632",3.35104467681221,"Millennial"
"1550","icr076638",3.37703512912404,"Millennial"
"1551","icr076640",3.30780781326931,"Millennial"
"1552","icr076646",3.16360010765301,"Millennial"
"1553","icr076648",3.31174907710895,"Millennial"
"1554","icr076655",3.44585704616855,"Millennial"
