"SSN","Soil_Organic_Carbon_kg_m2","Type"
"icr005934",5.30224736773472,"MIMICS"
"icr005940",4.93087871635777,"MIMICS"
"icr005950",4.3855435295293,"MIMICS"
"icr005952",4.52877733220802,"MIMICS"
"icr005958",5.09413431169311,"MIMICS"
"icr005971",4.19103889509015,"MIMICS"
"icr005973",4.85058212611514,"MIMICS"
"icr005975",4.33300410662566,"MIMICS"
"icr005977",5.94175640338817,"MIMICS"
"icr005981",5.52463680035323,"MIMICS"
"icr005987",4.8919963650009,"MIMICS"
"icr005988",4.61880138185183,"MIMICS"
"icr005989",4.84577709879201,"MIMICS"
"icr005990",4.68903055619209,"MIMICS"
"icr005995",5.41293523561915,"MIMICS"
"icr005997",5.01290486781118,"MIMICS"
"icr006000",5.19388438232975,"MIMICS"
"icr006010",5.3178505991462,"MIMICS"
"icr006021",4.96465023137463,"MIMICS"
"icr006027",5.59399352872869,"MIMICS"
"icr006041",3.6705402236618,"MIMICS"
"icr006058",4.03633473003829,"MIMICS"
"icr006084",5.14917300111039,"MIMICS"
"icr006099",6.96098511288326,"MIMICS"
"icr006115",4.9042398390943,"MIMICS"
"icr006130",5.46534604759088,"MIMICS"
"icr006139",5.49675296609887,"MIMICS"
"icr006145",6.35008220529409,"MIMICS"
"icr006162",4.48962852877654,"MIMICS"
"icr006166",5.91660670935702,"MIMICS"
"icr006175",4.59157735748381,"MIMICS"
"icr006176",4.57339565357656,"MIMICS"
"icr006185",5.34237117227913,"MIMICS"
"icr006192",6.42572926163819,"MIMICS"
"icr006454",4.8145753519758,"MIMICS"
"icr006474",4.15609643773326,"MIMICS"
"icr006492",6.0263292453193,"MIMICS"
"icr006510",4.44026433670914,"MIMICS"
"icr006530",5.40106356060392,"MIMICS"
"icr006570",5.43820100788146,"MIMICS"
"icr006586",4.91384137696167,"MIMICS"
"icr006626",3.9883283768419,"MIMICS"
"icr006684",3.68957133524231,"MIMICS"
"icr006704",7.65864368581823,"MIMICS"
"icr006744",4.20507711511693,"MIMICS"
"icr007987",4.88691074025137,"MIMICS"
"icr010535",0.774244681243512,"MIMICS"
"icr015592",6.1057787609027,"MIMICS"
"icr020848",3.63109115688672,"MIMICS"
"icr020868",4.04487340444383,"MIMICS"
"icr020888",4.00519340290336,"MIMICS"
"icr020908",4.93168345011912,"MIMICS"
"icr020947",4.06434678129835,"MIMICS"
"icr020970",4.32268709026852,"MIMICS"
"icr020986",4.19717440048529,"MIMICS"
"icr021023",5.38442803993624,"MIMICS"
"icr021063",4.40580596952114,"MIMICS"
"icr021103",4.13242433828198,"MIMICS"
"icr021123",4.19093983174421,"MIMICS"
"icr024956",5.81941066414141,"MIMICS"
"icr024976",5.21657793530956,"MIMICS"
"icr024994",5.70096419041765,"MIMICS"
"icr025016",4.93196641699428,"MIMICS"
"icr030033",9.5929401702511,"MIMICS"
"icr030037",7.44159550282166,"MIMICS"
"icr030039",8.02928047197371,"MIMICS"
"icr030043",7.7703123666259,"MIMICS"
"icr030051",8.02836401247917,"MIMICS"
"icr030055",8.12523128298184,"MIMICS"
"icr030063",5.56545875934293,"MIMICS"
"icr030083",8.3709097382391,"MIMICS"
"icr030097",11.018974659218,"MIMICS"
"icr030101",9.23533642268403,"MIMICS"
"icr030113",5.82648978863567,"MIMICS"
"icr030115",5.43071306521542,"MIMICS"
"icr030119",5.98196075987893,"MIMICS"
"icr030123",6.01597140064773,"MIMICS"
"icr030127",9.25579289587247,"MIMICS"
"icr030129",6.78574334682038,"MIMICS"
"icr030131",6.561171671834,"MIMICS"
"icr030133",7.06272394636271,"MIMICS"
"icr030137",6.2393752991186,"MIMICS"
"icr030139",6.59107836167296,"MIMICS"
"icr030145",12.2711670116951,"MIMICS"
"icr030174",6.00423042707229,"MIMICS"
"icr030176",7.9874483314866,"MIMICS"
"icr030181",4.64158444254552,"MIMICS"
"icr030185",4.9305268339481,"MIMICS"
"icr030190",5.16635358813174,"MIMICS"
"icr030192",4.81286113572506,"MIMICS"
"icr030206",6.14856602739321,"MIMICS"
"icr030214",8.48515355628762,"MIMICS"
"icr030232",7.7948688876356,"MIMICS"
"icr030234",5.75976350146194,"MIMICS"
"icr030244",7.70528830896293,"MIMICS"
"icr030260",4.8107621510509,"MIMICS"
"icr030268",5.08421939838191,"MIMICS"
"icr030270",5.98173935005308,"MIMICS"
"icr030282",5.06483181713263,"MIMICS"
"icr030284",6.82153252794713,"MIMICS"
"icr030288",7.22724553968004,"MIMICS"
"icr030300",5.30298355012069,"MIMICS"
"icr030310",10.8601294142302,"MIMICS"
"icr030323",9.01018916729445,"MIMICS"
"icr030325",9.39126479965754,"MIMICS"
"icr030326",7.27869487418566,"MIMICS"
"icr030328",7.57520364311175,"MIMICS"
"icr030330",8.58909144501575,"MIMICS"
"icr030334",3.6359970599258,"MIMICS"
"icr030335",4.05302895398159,"MIMICS"
"icr030345",3.42111527578023,"MIMICS"
"icr030346",7.46050782478046,"MIMICS"
"icr030351",4.28523204696424,"MIMICS"
"icr030369",4.78425192195583,"MIMICS"
"icr030370",3.68438035091761,"MIMICS"
"icr030375",3.68295042399281,"MIMICS"
"icr030379",3.68811543712426,"MIMICS"
"icr030381",3.60751199062836,"MIMICS"
"icr030386",4.19812911694844,"MIMICS"
"icr030393",3.96349331604125,"MIMICS"
"icr030397",3.75476950205417,"MIMICS"
"icr030409",7.60159743216876,"MIMICS"
"icr030411",3.4435011461592,"MIMICS"
"icr030419",4.04979764896081,"MIMICS"
"icr030420",4.40917267764601,"MIMICS"
"icr030422",3.68019189938918,"MIMICS"
"icr030424",4.84662529422064,"MIMICS"
"icr030425",5.62996945572088,"MIMICS"
"icr030426",4.54977210085797,"MIMICS"
"icr030427",3.84557172930927,"MIMICS"
"icr030428",4.99207443266075,"MIMICS"
"icr030432",4.51952547831613,"MIMICS"
"icr030434",3.93005224427414,"MIMICS"
"icr030435",4.01127944282295,"MIMICS"
"icr030480",4.15714146695999,"MIMICS"
"icr030482",4.36865327768793,"MIMICS"
"icr030489",4.40333677653027,"MIMICS"
"icr030493",3.7578873944177,"MIMICS"
"icr030513",5.22984895591433,"MIMICS"
"icr030515",5.30022956582041,"MIMICS"
"icr030547",3.1857917840489,"MIMICS"
"icr033391",2.21888354310599,"MIMICS"
"icr033396",2.90961445264891,"MIMICS"
"icr033398",2.69519241966801,"MIMICS"
"icr033400",2.7332328947898,"MIMICS"
"icr033402",2.48551539239862,"MIMICS"
"icr033404",3.08362582621383,"MIMICS"
"icr033406",2.45357139057877,"MIMICS"
"icr033411",3.96420027076539,"MIMICS"
"icr033413",3.42496042950839,"MIMICS"
"icr033415",3.64468794602207,"MIMICS"
"icr033417",2.9046252155894,"MIMICS"
"icr033419",2.56714041397955,"MIMICS"
"icr033447",3.90284676450278,"MIMICS"
"icr033451",2.57253985669313,"MIMICS"
"icr033452",2.67986549367283,"MIMICS"
"icr033470",2.38507263643464,"MIMICS"
"icr033472",2.7461974040298,"MIMICS"
"icr033474",2.7451924882951,"MIMICS"
"icr033476",2.77803613557217,"MIMICS"
"icr033490",3.23602673724065,"MIMICS"
"icr033508",2.24192417179174,"MIMICS"
"icr033509",2.26678425099096,"MIMICS"
"icr033511",2.36342259202536,"MIMICS"
"icr033533",2.54746766844135,"MIMICS"
"icr033535",2.73825232122057,"MIMICS"
"icr033541",3.05332462463842,"MIMICS"
"icr033545",2.98173166557813,"MIMICS"
"icr033551",2.5540591180598,"MIMICS"
"icr033553",2.22029637089002,"MIMICS"
"icr033555",2.96049990148873,"MIMICS"
"icr033557",2.84996571897523,"MIMICS"
"icr033559",2.52053936514405,"MIMICS"
"icr033561",2.75156468327046,"MIMICS"
"icr033568",2.47186388690632,"MIMICS"
"icr033570",2.75432156626878,"MIMICS"
"icr033571",2.20912554079487,"MIMICS"
"icr033572",2.45412903691874,"MIMICS"
"icr033580",2.24242434589613,"MIMICS"
"icr033584",4.08127636018109,"MIMICS"
"icr033588",3.56761201825243,"MIMICS"
"icr033592",4.49582783494776,"MIMICS"
"icr033598",5.00077109946577,"MIMICS"
"icr033602",5.16915562044768,"MIMICS"
"icr033616",4.88623740472885,"MIMICS"
"icr033618",5.04857874232926,"MIMICS"
"icr033619",5.32182347689478,"MIMICS"
"icr033625",4.19328732051621,"MIMICS"
"icr033627",4.06938663943999,"MIMICS"
"icr033631",4.49649550362417,"MIMICS"
"icr033632",4.01146137905632,"MIMICS"
"icr033634",4.20754567565327,"MIMICS"
"icr033636",3.60437834336605,"MIMICS"
"icr033637",4.12429741095394,"MIMICS"
"icr033644",3.27522146369434,"MIMICS"
"icr033646",4.84571606771671,"MIMICS"
"icr033648",6.87074561049761,"MIMICS"
"icr033650",4.38454629454703,"MIMICS"
"icr033652",4.59885801578374,"MIMICS"
"icr033660",5.54516520876279,"MIMICS"
"icr033664",6.65946178686421,"MIMICS"
"icr033666",4.80179206505609,"MIMICS"
"icr033670",5.16371258844944,"MIMICS"
"icr033672",5.10315225484783,"MIMICS"
"icr033680",5.45595976473577,"MIMICS"
"icr033684",4.0094784704526,"MIMICS"
"icr033690",5.11166970332644,"MIMICS"
"icr033704",8.48034732670587,"MIMICS"
"icr033710",8.87551766615513,"MIMICS"
"icr033716",6.72268757441026,"MIMICS"
"icr033724",3.57195414478925,"MIMICS"
"icr033727",4.52463657527013,"MIMICS"
"icr033729",3.72752733597362,"MIMICS"
"icr033732",4.43735736155356,"MIMICS"
"icr033738",5.87382975952906,"MIMICS"
"icr033748",4.38430938974529,"MIMICS"
"icr033750",4.00229979049234,"MIMICS"
"icr033752",5.22809190534145,"MIMICS"
"icr033754",5.40237763789379,"MIMICS"
"icr033756",3.92874114561367,"MIMICS"
"icr033757",4.69297299059264,"MIMICS"
"icr033767",5.64300769777601,"MIMICS"
"icr033769",5.67977860043312,"MIMICS"
"icr033781",4.00917469177784,"MIMICS"
"icr033787",4.09563232467532,"MIMICS"
"icr033801",3.58480779930388,"MIMICS"
"icr033805",2.68595891630609,"MIMICS"
"icr033815",6.28301995114907,"MIMICS"
"icr033819",5.04557819751341,"MIMICS"
"icr033833",6.3182088944859,"MIMICS"
"icr033845",5.86974319554249,"MIMICS"
"icr033847",5.47484123342412,"MIMICS"
"icr033863",5.31833202698071,"MIMICS"
"icr033869",5.49853066572172,"MIMICS"
"icr033873",4.3142115868476,"MIMICS"
"icr033874",4.77298018051563,"MIMICS"
"icr033878",3.30663316005901,"MIMICS"
"icr033880",3.93396482394958,"MIMICS"
"icr033896",4.75588174531462,"MIMICS"
"icr033902",5.77461294755138,"MIMICS"
"icr033904",4.60832586478544,"MIMICS"
"icr034422",3.27941914102868,"MIMICS"
"icr037453",1.63874818268328,"MIMICS"
"icr037531",1.92201325712691,"MIMICS"
"icr037574",1.83175810732178,"MIMICS"
"icr037590",3.09959236773411,"MIMICS"
"icr037626",1.90718077142321,"MIMICS"
"icr037689",2.89998897497887,"MIMICS"
"icr037699",6.3463533203539,"MIMICS"
"icr037767",5.2537437269197,"MIMICS"
"icr037843",6.84857779540864,"MIMICS"
"icr037869",5.71493482020376,"MIMICS"
"icr037901",7.2763551117031,"MIMICS"
"icr037927",4.66667753792159,"MIMICS"
"icr037969",5.70352511420274,"MIMICS"
"icr037986",7.56261393589261,"MIMICS"
"icr038034",6.3512339430137,"MIMICS"
"icr038102",13.0844424393001,"MIMICS"
"icr038110",5.74696736513405,"MIMICS"
"icr038116",9.75897257783459,"MIMICS"
"icr038118",6.42604330232206,"MIMICS"
"icr038142",6.28323290467578,"MIMICS"
"icr038147",6.05861591923288,"MIMICS"
"icr038154",8.26146808997374,"MIMICS"
"icr038156",7.56547110940716,"MIMICS"
"icr038158",6.15875824712464,"MIMICS"
"icr038162",8.69056630511902,"MIMICS"
"icr038167",7.81927773268345,"MIMICS"
"icr038169",5.63603972922028,"MIMICS"
"icr038191",8.34462099543104,"MIMICS"
"icr038193",7.30589280904434,"MIMICS"
"icr038197",6.38792644000663,"MIMICS"
"icr038200",15.0452919415876,"MIMICS"
"icr038202",7.57880189042565,"MIMICS"
"icr038218",7.79618951529152,"MIMICS"
"icr038227",5.45681362421857,"MIMICS"
"icr038229",5.26645145174896,"MIMICS"
"icr038236",5.73275399913763,"MIMICS"
"icr038239",25.5820339153498,"MIMICS"
"icr038242",7.3903478429267,"MIMICS"
"icr038249",40.9671862612091,"MIMICS"
"icr038263",6.71178795340107,"MIMICS"
"icr038273",7.66655222261206,"MIMICS"
"icr038281",5.01665739430378,"MIMICS"
"icr038288",5.28276703659462,"MIMICS"
"icr038291",5.44951986429647,"MIMICS"
"icr038293",6.04998949601039,"MIMICS"
"icr038299",5.29793982125641,"MIMICS"
"icr038301",4.8555726323378,"MIMICS"
"icr038302",5.61805406700099,"MIMICS"
"icr038304",5.32364222907771,"MIMICS"
"icr038320",5.32271115533273,"MIMICS"
"icr038345",5.7617390690419,"MIMICS"
"icr038357",9.31120872927605,"MIMICS"
"icr038363",6.5873909791793,"MIMICS"
"icr038368",5.95523316074045,"MIMICS"
"icr038377",13.1358910554568,"MIMICS"
"icr038381",9.2822381895945,"MIMICS"
"icr041643",3.22109832043077,"MIMICS"
"icr041647",3.55345026874382,"MIMICS"
"icr041649",4.95479460019091,"MIMICS"
"icr041651",3.69133915340203,"MIMICS"
"icr041655",2.87610186728382,"MIMICS"
"icr041659",3.66693352033623,"MIMICS"
"icr041673",7.54644291026484,"MIMICS"
"icr041679",4.18647047738083,"MIMICS"
"icr041685",4.75501043526859,"MIMICS"
"icr041699",3.74933126017262,"MIMICS"
"icr041717",4.16928124473972,"MIMICS"
"icr041733",3.42540175827085,"MIMICS"
"icr041735",4.35883594958087,"MIMICS"
"icr041741",3.83444422080989,"MIMICS"
"icr041743",4.23330467373129,"MIMICS"
"icr041747",4.32166311516882,"MIMICS"
"icr041751",3.58939977515462,"MIMICS"
"icr041755",3.98331163504111,"MIMICS"
"icr041765",4.65470938907336,"MIMICS"
"icr041777",3.85562710295103,"MIMICS"
"icr041789",3.25387748003562,"MIMICS"
"icr041813",3.49568539167467,"MIMICS"
"icr041821",4.12086573717469,"MIMICS"
"icr041825",5.39001165990354,"MIMICS"
"icr041830",3.85581129364888,"MIMICS"
"icr041834",5.63115987918219,"MIMICS"
"icr041838",3.75840720522315,"MIMICS"
"icr041854",3.64443679832608,"MIMICS"
"icr041868",3.3552295672576,"MIMICS"
"icr041878",4.4310232498177,"MIMICS"
"icr041882",4.07339626724993,"MIMICS"
"icr041884",3.96759786104557,"MIMICS"
"icr041888",4.4095540993052,"MIMICS"
"icr041890",3.87896553519806,"MIMICS"
"icr041892",4.08000110666005,"MIMICS"
"icr041898",4.24852470537709,"MIMICS"
"icr041904",3.32829438337069,"MIMICS"
"icr041912",3.34079299017216,"MIMICS"
"icr041914",3.14671018523259,"MIMICS"
"icr041917",3.16433713614842,"MIMICS"
"icr041925",3.32918527487994,"MIMICS"
"icr041935",4.1647615766551,"MIMICS"
"icr041949",4.05142082879458,"MIMICS"
"icr041987",4.17699294857074,"MIMICS"
"icr041992",5.12827151116959,"MIMICS"
"icr041999",4.49731406407121,"MIMICS"
"icr042024",4.5686347190644,"MIMICS"
"icr042066",4.75445085375175,"MIMICS"
"icr042070",4.23376275664121,"MIMICS"
"icr042074",4.32645306997848,"MIMICS"
"icr042080",6.46377888818545,"MIMICS"
"icr042082",6.92895271341738,"MIMICS"
"icr042103",5.31818543785523,"MIMICS"
"icr042108",4.9259123535781,"MIMICS"
"icr042113",5.817531144768,"MIMICS"
"icr042117",6.86514531462378,"MIMICS"
"icr042121",5.15872880106896,"MIMICS"
"icr042122",5.92202980301593,"MIMICS"
"icr042132",7.68735415152034,"MIMICS"
"icr042141",7.03558704724963,"MIMICS"
"icr042147",6.46422154273468,"MIMICS"
"icr042149",5.39399151369499,"MIMICS"
"icr042152",6.63747672284437,"MIMICS"
"icr042162",4.68660962059816,"MIMICS"
"icr042168",5.09817418586273,"MIMICS"
"icr042170",4.22342527358874,"MIMICS"
"icr042180",4.14572853345858,"MIMICS"
"icr042189",6.9463296893466,"MIMICS"
"icr042191",6.04095020011144,"MIMICS"
"icr042193",6.82774284274475,"MIMICS"
"icr042203",6.46008982750541,"MIMICS"
"icr042204",6.15943047702882,"MIMICS"
"icr042210",5.95601596060757,"MIMICS"
"icr042239",5.61126934293822,"MIMICS"
"icr042241",7.05789560463965,"MIMICS"
"icr042245",6.03055711271654,"MIMICS"
"icr042249",5.04676030279634,"MIMICS"
"icr042253",5.95958729285226,"MIMICS"
"icr042263",4.85397610349322,"MIMICS"
"icr042265",4.27748260987926,"MIMICS"
"icr042267",4.14259720776482,"MIMICS"
"icr042271",5.27521061752356,"MIMICS"
"icr042273",5.05581460445209,"MIMICS"
"icr042275",4.5375888148661,"MIMICS"
"icr042279",4.69663065458081,"MIMICS"
"icr042280",7.48626565721513,"MIMICS"
"icr042282",5.41115577109436,"MIMICS"
"icr042790",4.24336376337052,"MIMICS"
"icr042836",3.89008185875035,"MIMICS"
"icr042867",5.09239101976351,"MIMICS"
"icr042896",5.50120922187767,"MIMICS"
"icr042930",3.10174684993132,"MIMICS"
"icr042990",4.70110417004253,"MIMICS"
"icr043068",7.05975798351394,"MIMICS"
"icr043248",2.82447723490393,"MIMICS"
"icr043266",3.70388553255071,"MIMICS"
"icr043287",3.0480611969309,"MIMICS"
"icr043347",3.00954358614281,"MIMICS"
"icr043401",3.58196901050698,"MIMICS"
"icr048485",5.92925850526873,"MIMICS"
"icr048520",5.88646614274982,"MIMICS"
"icr048642",5.8832537268469,"MIMICS"
"icr048664",4.72570050529297,"MIMICS"
"icr048704",4.9596937677824,"MIMICS"
"icr048755",2.4032265329186,"MIMICS"
"icr048837",2.08890767815618,"MIMICS"
"icr048942",2.6760465054449,"MIMICS"
"icr049074",2.23602824077188,"MIMICS"
"icr049735",6.7184676418565,"MIMICS"
"icr050214",4.71039481053694,"MIMICS"
"icr050234",4.84864810452983,"MIMICS"
"icr050254",5.1890498898422,"MIMICS"
"icr050274",4.35174881634057,"MIMICS"
"icr050294",5.52927749325945,"MIMICS"
"icr050354",4.65426799079896,"MIMICS"
"icr054165",5.5374936065191,"MIMICS"
"icr054175",5.37967589956926,"MIMICS"
"icr054181",4.75440411676582,"MIMICS"
"icr054187",5.20495959517528,"MIMICS"
"icr054188",4.59925475172173,"MIMICS"
"icr054190",4.64673069917226,"MIMICS"
"icr054194",5.14778827873414,"MIMICS"
"icr054201",5.04369945061002,"MIMICS"
"icr054205",5.43068753671554,"MIMICS"
"icr054214",6.29965453709193,"MIMICS"
"icr054222",4.92056040981518,"MIMICS"
"icr054232",4.94764198107201,"MIMICS"
"icr054234",5.63173577862849,"MIMICS"
"icr054250",5.7050858427849,"MIMICS"
"icr054256",5.64656346621802,"MIMICS"
"icr054260",5.30757385961717,"MIMICS"
"icr054269",6.77512211288884,"MIMICS"
"icr054285",6.08540878346604,"MIMICS"
"icr054287",5.77021312009654,"MIMICS"
"icr054289",4.89728101580144,"MIMICS"
"icr054293",5.03993481443354,"MIMICS"
"icr054301",5.08067375412958,"MIMICS"
"icr054307",5.68358569476202,"MIMICS"
"icr054309",4.92452013917914,"MIMICS"
"icr054315",4.6530689722454,"MIMICS"
"icr054317",6.10477710946355,"MIMICS"
"icr054321",5.54101847619596,"MIMICS"
"icr054322",6.75928156896488,"MIMICS"
"icr054324",5.07937066726714,"MIMICS"
"icr054326",5.33703304086203,"MIMICS"
"icr054328",5.65182506548933,"MIMICS"
"icr054330",6.5835986603297,"MIMICS"
"icr054332",6.41072945875057,"MIMICS"
"icr054336",5.42143388473002,"MIMICS"
"icr054340",4.27532612565678,"MIMICS"
"icr054348",5.6127785012649,"MIMICS"
"icr054357",5.7500087585045,"MIMICS"
"icr054358",5.12589846454063,"MIMICS"
"icr054362",6.05877332806247,"MIMICS"
"icr054363",6.03160161385045,"MIMICS"
"icr054365",5.06850398608726,"MIMICS"
"icr054368",4.83463869793885,"MIMICS"
"icr054369",6.99114957311315,"MIMICS"
"icr054372",7.74844360008716,"MIMICS"
"icr054374",5.78866072704032,"MIMICS"
"icr054387",7.82539415368753,"MIMICS"
"icr054391",5.22506938551114,"MIMICS"
"icr054395",5.02833171520853,"MIMICS"
"icr054400",6.07753735144441,"MIMICS"
"icr054405",5.52658944277742,"MIMICS"
"icr054410",6.05346375445403,"MIMICS"
"icr054414",5.92934067134229,"MIMICS"
"icr054415",7.67100879343673,"MIMICS"
"icr054417",5.46759324283557,"MIMICS"
"icr054426",5.70451976044737,"MIMICS"
"icr054433",4.77858714306159,"MIMICS"
"icr054439",7.87674682574481,"MIMICS"
"icr054443",8.96143912645585,"MIMICS"
"icr054444",12.3377013165526,"MIMICS"
"icr054445",9.74090508746877,"MIMICS"
"icr054449",11.689662536273,"MIMICS"
"icr054455",6.6050721244352,"MIMICS"
"icr054471",11.5471329373219,"MIMICS"
"icr054476",7.04387798523811,"MIMICS"
"icr054479",8.40182270665233,"MIMICS"
"icr054506",9.07989024813384,"MIMICS"
"icr054509",8.30806286758369,"MIMICS"
"icr054510",5.6974774002268,"MIMICS"
"icr054520",7.65536178134215,"MIMICS"
"icr054521",8.43647959717745,"MIMICS"
"icr054522",5.56012629228677,"MIMICS"
"icr054523",6.73951964919307,"MIMICS"
"icr054527",6.47073206828105,"MIMICS"
"icr054529",6.84235064835449,"MIMICS"
"icr054531",5.8585111017015,"MIMICS"
"icr054532",5.41447647100697,"MIMICS"
"icr054540",7.01640387136138,"MIMICS"
"icr054556",6.50904622736781,"MIMICS"
"icr054560",5.86719717435815,"MIMICS"
"icr054564",7.86792450241038,"MIMICS"
"icr054566",6.95700303062074,"MIMICS"
"icr054574",10.1222228589793,"MIMICS"
"icr054595",7.14267168160532,"MIMICS"
"icr054596",7.3884136369903,"MIMICS"
"icr054598",8.76250588634704,"MIMICS"
"icr054614",6.52329435392776,"MIMICS"
"icr054626",4.51418598169018,"MIMICS"
"icr054633",5.06364867272539,"MIMICS"
"icr054635",5.23212306884592,"MIMICS"
"icr054639",10.1971293587631,"MIMICS"
"icr054643",7.95227453508095,"MIMICS"
"icr054645",5.68372671707597,"MIMICS"
"icr054646",9.34698977430057,"MIMICS"
"icr054654",8.56240579021708,"MIMICS"
"icr054684",5.99107578454091,"MIMICS"
"icr054703",5.43900168344674,"MIMICS"
"icr054709",5.77473343492251,"MIMICS"
"icr054713",6.36063426178927,"MIMICS"
"icr056220",3.89294233882964,"MIMICS"
"icr056360",5.73842774324152,"MIMICS"
"icr056500",4.64319011312007,"MIMICS"
"icr062136",13.835809056553,"MIMICS"
"icr062138",18.5541943404191,"MIMICS"
"icr062139",21.71033954285,"MIMICS"
"icr062141",9.20811708567622,"MIMICS"
"icr062143",15.3988033900689,"MIMICS"
"icr062145",9.89990599191558,"MIMICS"
"icr062149",12.7410550921591,"MIMICS"
"icr062151",11.4682133097727,"MIMICS"
"icr062153",12.9708797089085,"MIMICS"
"icr062157",13.2409977665988,"MIMICS"
"icr062159",11.168111404691,"MIMICS"
"icr062165",9.80239633780013,"MIMICS"
"icr062167",13.7306037106944,"MIMICS"
"icr062169",11.5958644427299,"MIMICS"
"icr062173",14.9350200081148,"MIMICS"
"icr062175",18.9630357370173,"MIMICS"
"icr062179",9.24172227044676,"MIMICS"
"icr062181",12.0207517419138,"MIMICS"
"icr062183",11.6726179967628,"MIMICS"
"icr062187",11.0493490905154,"MIMICS"
"icr062195",12.5589117814755,"MIMICS"
"icr062197",13.5236177607163,"MIMICS"
"icr062199",13.4786041376065,"MIMICS"
"icr062201",10.7812443796149,"MIMICS"
"icr062203",9.11911896535821,"MIMICS"
"icr062209",10.4056919070192,"MIMICS"
"icr062211",12.7726259664531,"MIMICS"
"icr062213",10.219538502892,"MIMICS"
"icr062219",12.1107164401302,"MIMICS"
"icr062227",12.8820612521099,"MIMICS"
"icr062231",12.9359729211418,"MIMICS"
"icr062237",18.4169124791388,"MIMICS"
"icr062239",13.0175242905957,"MIMICS"
"icr062241",9.00031841239961,"MIMICS"
"icr062243",14.3864898501604,"MIMICS"
"icr062247",10.281901580244,"MIMICS"
"icr062249",15.2701835785319,"MIMICS"
"icr062251",14.2493374207106,"MIMICS"
"icr062253",11.6654980031459,"MIMICS"
"icr062259",10.8615095102211,"MIMICS"
"icr062261",9.87363885429999,"MIMICS"
"icr062263",8.87018437691059,"MIMICS"
"icr062265",17.8697458394955,"MIMICS"
"icr062267",14.779732815444,"MIMICS"
"icr062280",10.814868676121,"MIMICS"
"icr062281",11.0569906690771,"MIMICS"
"icr062285",8.75391304921122,"MIMICS"
"icr062287",11.5944110965285,"MIMICS"
"icr062289",10.9481704985077,"MIMICS"
"icr062292",10.0217253037047,"MIMICS"
"icr062294",13.3194277960049,"MIMICS"
"icr062296",18.6708793970231,"MIMICS"
"icr062298",12.6872947918403,"MIMICS"
"icr062302",14.7144896432701,"MIMICS"
"icr062306",11.8040894580121,"MIMICS"
"icr062308",13.869953883875,"MIMICS"
"icr062310",18.7832875988314,"MIMICS"
"icr062312",11.0350163657564,"MIMICS"
"icr062316",9.92329911401151,"MIMICS"
"icr062318",12.6947509410799,"MIMICS"
"icr062320",12.3534281446442,"MIMICS"
"icr062322",11.5377127327379,"MIMICS"
"icr062324",10.6427237032117,"MIMICS"
"icr062330",10.851636513061,"MIMICS"
"icr062334",12.4693351989686,"MIMICS"
"icr062336",12.4396045119527,"MIMICS"
"icr062338",11.2299579084141,"MIMICS"
"icr062339",10.0843584881533,"MIMICS"
"icr062343",12.1624662616543,"MIMICS"
"icr062347",13.4459086004111,"MIMICS"
"icr062351",12.3391463001794,"MIMICS"
"icr062353",17.4318899824064,"MIMICS"
"icr062355",13.2249527904291,"MIMICS"
"icr062357",10.2629709763298,"MIMICS"
"icr062359",13.4627731960441,"MIMICS"
"icr062365",13.7274387675612,"MIMICS"
"icr062369",10.417245127513,"MIMICS"
"icr062375",10.4075465174898,"MIMICS"
"icr062381",10.0521906380907,"MIMICS"
"icr062383",10.1045763684076,"MIMICS"
"icr062385",8.64593586485638,"MIMICS"
"icr062387",13.9586663878357,"MIMICS"
"icr062391",10.6177801686191,"MIMICS"
"icr062393",8.15672831845136,"MIMICS"
"icr062395",18.0970069259737,"MIMICS"
"icr062399",10.1512304546062,"MIMICS"
"icr062403",9.28262603353735,"MIMICS"
"icr062405",16.47886291835,"MIMICS"
"icr062407",11.7740531392273,"MIMICS"
"icr062409",9.71789802318694,"MIMICS"
"icr062411",11.663203604135,"MIMICS"
"icr062415",9.4432087394924,"MIMICS"
"icr062417",10.6778882875812,"MIMICS"
"icr062421",13.2598939137783,"MIMICS"
"icr062425",10.0659160835356,"MIMICS"
"icr062427",10.2568116744125,"MIMICS"
"icr062431",12.9605745585861,"MIMICS"
"icr062435",10.8426282367914,"MIMICS"
"icr062437",11.6250274506847,"MIMICS"
"icr062439",10.7541908201276,"MIMICS"
"icr062443",9.72459515634937,"MIMICS"
"icr062451",11.0164060450721,"MIMICS"
"icr068101",0,"MIMICS"
"icr068131",0,"MIMICS"
"icr068149",0,"MIMICS"
"icr068161",0.269084375735341,"MIMICS"
"icr068199",0,"MIMICS"
"icr068221",0,"MIMICS"
"icr068265",0,"MIMICS"
"icr068279",0,"MIMICS"
"icr068321",0,"MIMICS"
"icr068339",0,"MIMICS"
"icr068361",0,"MIMICS"
"icr068381",0,"MIMICS"
"icr068399",0.389601346699428,"MIMICS"
"icr068419",2.35072504207547,"MIMICS"
"icr068499",2.32153714012506,"MIMICS"
"icr068521",2.29196035393947,"MIMICS"
"icr068539",2.83381614707614,"MIMICS"
"icr068579",2.46432332722747,"MIMICS"
"icr068677",2.32712495766046,"MIMICS"
"icr068717",2.27911138548234,"MIMICS"
"icr069849",0.402798043893881,"MIMICS"
"icr069869",0,"MIMICS"
"icr070029",0,"MIMICS"
"icr070112",5.18736556489881,"MIMICS"
"icr070124",3.78134310329115,"MIMICS"
"icr070164",2.96889036041172,"MIMICS"
"icr070202",2.96727932674116,"MIMICS"
"icr070262",3.43854327847201,"MIMICS"
"icr070328",3.4265142460706,"MIMICS"
"icr070370",2.98276907836607,"MIMICS"
"icr070386",3.05526619236399,"MIMICS"
"icr072246",6.03957219723013,"MIMICS"
"icr072286",6.27287848149694,"MIMICS"
"icr072365",7.87303285546986,"MIMICS"
"icr072405",5.41446644437865,"MIMICS"
"icr072425",6.3284183136301,"MIMICS"
"icr072544",5.0709653119959,"MIMICS"
"icr072596",3.61181637527116,"MIMICS"
"icr072616",3.50175669891481,"MIMICS"
"icr072656",3.49586764561704,"MIMICS"
"icr072696",4.12056221762211,"MIMICS"
"icr072716",3.54178158787366,"MIMICS"
"icr072756",3.9171664446226,"MIMICS"
"icr072816",3.34602980169291,"MIMICS"
"icr072836",3.49025232739972,"MIMICS"
"icr072896",4.01481996282554,"MIMICS"
"icr072948",5.64764149482153,"MIMICS"
"icr072968",6.28045636024345,"MIMICS"
"icr073008",10.1815881318965,"MIMICS"
"icr073068",6.28784720882206,"MIMICS"
"icr073128",5.31710172799236,"MIMICS"
"icr073148",6.41899522493565,"MIMICS"
"icr073168",6.00368360468334,"MIMICS"
"icr073208",8.88335502785683,"MIMICS"
"icr073228",6.78996174890893,"MIMICS"
"icr073300",9.14412079480996,"MIMICS"
"icr073320",6.40999904961975,"MIMICS"
"icr073340",4.91441883345612,"MIMICS"
"icr073361",7.35815686246755,"MIMICS"
"icr073379",5.36264002251229,"MIMICS"
"icr073399",7.46471641108928,"MIMICS"
"icr073439",6.77985686637321,"MIMICS"
"icr073479",16.6706736195359,"MIMICS"
"icr073519",6.91289531448712,"MIMICS"
"icr073539",6.08561608053967,"MIMICS"
"icr073558",8.79067567190797,"MIMICS"
"icr073578",8.32145597429388,"MIMICS"
"icr074045",6.14087962890131,"MIMICS"
"icr074122",5.48530117441229,"MIMICS"
"icr074159",5.63638042707807,"MIMICS"
"icr074318",4.85589760476365,"MIMICS"
"icr074336",8.46279511712311,"MIMICS"
"icr074356",3.74544456475101,"MIMICS"
"icr074376",4.30408267667746,"MIMICS"
"icr074396",3.68734617501664,"MIMICS"
"icr074413",4.59822684992991,"MIMICS"
"icr074433",6.27530435508637,"MIMICS"
"icr074470",3.56287260651203,"MIMICS"
"icr074509",3.03958992105813,"MIMICS"
"icr074529",4.38602006157628,"MIMICS"
"icr074544",3.54604445150631,"MIMICS"
"icr074580",2.96844708804537,"MIMICS"
"icr074631",2.91172698448388,"MIMICS"
"icr074671",2.96911801847872,"MIMICS"
"icr074691",2.96953000437607,"MIMICS"
"icr074731",2.86533662573596,"MIMICS"
"icr074751",2.92689991435729,"MIMICS"
"icr074771",3.90626926955867,"MIMICS"
"icr074891",2.92313394797542,"MIMICS"
"icr074983",2.66684363934278,"MIMICS"
"icr075023",2.99065305109418,"MIMICS"
"icr075083",2.90438225946483,"MIMICS"
"icr075143",5.02173738002181,"MIMICS"
"icr075224",3.47085274526281,"MIMICS"
"icr075240",3.16465818226854,"MIMICS"
"icr075260",2.90782008752287,"MIMICS"
"icr075350",8.32952140130215,"MIMICS"
"icr075410",12.2098467802729,"MIMICS"
"icr075528",5.41448459157999,"MIMICS"
"icr075676",3.69606871810681,"MIMICS"
"icr075696",3.64324127916531,"MIMICS"
"icr075736",5.70086649991871,"MIMICS"
"icr075756",3.54765652693338,"MIMICS"
"icr075796",4.42166946404821,"MIMICS"
"icr075876",5.34377862537678,"MIMICS"
"icr075916",4.41816039343288,"MIMICS"
"icr076353",5.07468588482558,"MIMICS"
"icr076355",6.05518207834691,"MIMICS"
"icr076357",5.32324983244814,"MIMICS"
"icr076362",4.67206523623004,"MIMICS"
"icr076366",5.8070150221578,"MIMICS"
"icr076368",4.65133554974822,"MIMICS"
"icr076372",5.87000012977694,"MIMICS"
"icr076374",4.85513928354615,"MIMICS"
"icr076386",5.74445039832291,"MIMICS"
"icr076392",15.6980820006158,"MIMICS"
"icr076400",13.4546747896851,"MIMICS"
"icr076406",6.47708262336348,"MIMICS"
"icr076408",33.869968006664,"MIMICS"
"icr076410",4.99263858395332,"MIMICS"
"icr076412",5.29267927224228,"MIMICS"
"icr076418",4.60667705855569,"MIMICS"
"icr076420",13.1899591756372,"MIMICS"
"icr076422",5.86384411403982,"MIMICS"
"icr076424",12.7718878203624,"MIMICS"
"icr076442",11.543090956071,"MIMICS"
"icr076446",9.24819335996993,"MIMICS"
"icr076452",12.6134009158808,"MIMICS"
"icr076460",14.807849907682,"MIMICS"
"icr076474",7.07675833853323,"MIMICS"
"icr076478",7.8948530495917,"MIMICS"
"icr076480",6.78599518952858,"MIMICS"
"icr076490",13.6991154632721,"MIMICS"
"icr076492",8.36403330790105,"MIMICS"
"icr076494",8.66721497046727,"MIMICS"
"icr076506",7.25009366660754,"MIMICS"
"icr076508",11.9716426772763,"MIMICS"
"icr076512",12.7775328746465,"MIMICS"
"icr076518",6.7009387296053,"MIMICS"
"icr076526",4.60218732978678,"MIMICS"
"icr076527",6.81049633213817,"MIMICS"
"icr076533",4.80525161995706,"MIMICS"
"icr076547",5.82049397878296,"MIMICS"
"icr076551",4.98462987305503,"MIMICS"
"icr076555",5.62931246276392,"MIMICS"
"icr076569",9.01823116955184,"MIMICS"
"icr076571",6.1025192232867,"MIMICS"
"icr076573",8.04305034543244,"MIMICS"
"icr076589",5.89316606416939,"MIMICS"
"icr076605",5.91666517334619,"MIMICS"
"icr076607",5.65951412031948,"MIMICS"
"icr076611",5.55139648744687,"MIMICS"
"icr076613",6.22673887618654,"MIMICS"
"icr076617",6.58792165739058,"MIMICS"
"icr076623",5.62072785858512,"MIMICS"
"icr076627",6.59315143840813,"MIMICS"
"icr076632",6.93169697547424,"MIMICS"
"icr076638",5.81510621267251,"MIMICS"
"icr076640",4.84810020335233,"MIMICS"
"icr076646",5.39815428275695,"MIMICS"
"icr076648",8.52512405223113,"MIMICS"
"icr076655",4.43024406316819,"MIMICS"
"icr005934",6.29384672025049,"Millennial"
"icr005940",6.41009389729419,"Millennial"
"icr005950",4.81240401959887,"Millennial"
"icr005952",5.25601777729668,"Millennial"
"icr005958",5.82286648428223,"Millennial"
"icr005971",5.0147289413491,"Millennial"
"icr005973",5.73213284364173,"Millennial"
"icr005975",6.28747541530887,"Millennial"
"icr005977",6.70908609992791,"Millennial"
"icr005981",5.61978866552312,"Millennial"
"icr005987",6.47213158917272,"Millennial"
"icr005988",6.08553463781901,"Millennial"
"icr005989",6.34585698118258,"Millennial"
"icr005990",6.09613435370049,"Millennial"
"icr005995",6.63709164340084,"Millennial"
"icr005997",6.47225921935264,"Millennial"
"icr006000",6.0855753283369,"Millennial"
"icr006010",6.28136088038574,"Millennial"
"icr006021",5.55960971883998,"Millennial"
"icr006027",5.09846782735272,"Millennial"
"icr006041",3.30921254990299,"Millennial"
"icr006058",5.0336847699206,"Millennial"
"icr006084",6.5317693128142,"Millennial"
"icr006099",7.18612802612946,"Millennial"
"icr006115",5.95146943358364,"Millennial"
"icr006130",6.33735694078253,"Millennial"
"icr006139",7.04315174317564,"Millennial"
"icr006145",7.3039514042635,"Millennial"
"icr006162",6.0975303217051,"Millennial"
"icr006166",7.32598573473982,"Millennial"
"icr006175",6.31653069039702,"Millennial"
"icr006176",5.88048783311864,"Millennial"
"icr006185",6.82476849101934,"Millennial"
"icr006192",6.82890962433763,"Millennial"
"icr006454",5.64996258102794,"Millennial"
"icr006474",1.47403548170289,"Millennial"
"icr006492",3.99998517623225,"Millennial"
"icr006510",2.596222557717,"Millennial"
"icr006530",6.24570730469187,"Millennial"
"icr006570",5.7859141251522,"Millennial"
"icr006586",4.41169600912119,"Millennial"
"icr006626",3.15255327908569,"Millennial"
"icr006684",2.09839978349033,"Millennial"
"icr006704",6.66129610845783,"Millennial"
"icr006744",3.74795614186047,"Millennial"
"icr007987",8.1138227283998,"Millennial"
"icr010535",0.97071586714463,"Millennial"
"icr015592",5.29237372328338,"Millennial"
"icr020848",4.82839397859904,"Millennial"
"icr020868",3.59424631985066,"Millennial"
"icr020888",5.92911206360904,"Millennial"
"icr020908",5.80831829366528,"Millennial"
"icr020947",5.30101348261872,"Millennial"
"icr020970",5.10423244519617,"Millennial"
"icr020986",4.13501288432664,"Millennial"
"icr021023",5.75989035424115,"Millennial"
"icr021063",4.64014661060638,"Millennial"
"icr021103",4.7034318281649,"Millennial"
"icr021123",4.84571002384242,"Millennial"
"icr024956",6.60927026220676,"Millennial"
"icr024976",5.46433959321631,"Millennial"
"icr024994",6.32225921931437,"Millennial"
"icr025016",5.08234932627835,"Millennial"
"icr030033",7.34813861824546,"Millennial"
"icr030037",7.3818214988963,"Millennial"
"icr030039",7.35982576429769,"Millennial"
"icr030043",7.33394385946985,"Millennial"
"icr030051",7.18586307856109,"Millennial"
"icr030055",7.4564661161187,"Millennial"
"icr030063",7.15139882790625,"Millennial"
"icr030083",7.11725712397881,"Millennial"
"icr030097",7.16911415336799,"Millennial"
"icr030101",7.28626623417206,"Millennial"
"icr030113",6.6911975724703,"Millennial"
"icr030115",6.98777893924205,"Millennial"
"icr030119",6.9839330532625,"Millennial"
"icr030123",6.86184627347068,"Millennial"
"icr030127",7.2831718397595,"Millennial"
"icr030129",6.99269475234427,"Millennial"
"icr030131",6.94697440795407,"Millennial"
"icr030133",6.95171600311978,"Millennial"
"icr030137",7.08067829879232,"Millennial"
"icr030139",6.89638686006309,"Millennial"
"icr030145",6.97481218247793,"Millennial"
"icr030174",7.1003613476773,"Millennial"
"icr030176",7.29134451724924,"Millennial"
"icr030181",6.76638733860158,"Millennial"
"icr030185",6.15304509385579,"Millennial"
"icr030190",6.81607107302222,"Millennial"
"icr030192",6.92748531994511,"Millennial"
"icr030206",6.56525607998817,"Millennial"
"icr030214",7.07607541801405,"Millennial"
"icr030232",7.00493269647618,"Millennial"
"icr030234",6.7505509541104,"Millennial"
"icr030244",6.81609651914002,"Millennial"
"icr030260",6.2807986818478,"Millennial"
"icr030268",6.17633580873173,"Millennial"
"icr030270",6.82676379723102,"Millennial"
"icr030282",6.3385616889631,"Millennial"
"icr030284",7.01625309150873,"Millennial"
"icr030288",6.87103199859453,"Millennial"
"icr030300",6.88092724881632,"Millennial"
"icr030310",7.02071852227947,"Millennial"
"icr030323",6.97502577076132,"Millennial"
"icr030325",7.19428855622288,"Millennial"
"icr030326",7.06444335602904,"Millennial"
"icr030328",7.02543682690345,"Millennial"
"icr030330",7.05572493931269,"Millennial"
"icr030334",5.31096539862144,"Millennial"
"icr030335",5.39310422512701,"Millennial"
"icr030345",5.18478329385191,"Millennial"
"icr030346",5.41681851006039,"Millennial"
"icr030351",5.31886876149806,"Millennial"
"icr030369",5.80921949565893,"Millennial"
"icr030370",3.9027936186493,"Millennial"
"icr030375",5.40440414177613,"Millennial"
"icr030379",4.98612835249686,"Millennial"
"icr030381",4.50170740634379,"Millennial"
"icr030386",5.81082278416952,"Millennial"
"icr030393",5.55881643252321,"Millennial"
"icr030397",5.60229476820925,"Millennial"
"icr030409",5.41111996653827,"Millennial"
"icr030411",5.18473178471613,"Millennial"
"icr030419",5.44729855116202,"Millennial"
"icr030420",5.50823951383519,"Millennial"
"icr030422",5.06793548480801,"Millennial"
"icr030424",6.09674587829884,"Millennial"
"icr030425",6.08430574053016,"Millennial"
"icr030426",6.31045649377718,"Millennial"
"icr030427",5.42783317527075,"Millennial"
"icr030428",6.55604630568039,"Millennial"
"icr030432",5.65506412987768,"Millennial"
"icr030434",5.46538954264353,"Millennial"
"icr030435",5.33034791325659,"Millennial"
"icr030480",5.42884653910683,"Millennial"
"icr030482",5.47522460161043,"Millennial"
"icr030489",5.47208337203653,"Millennial"
"icr030493",4.86262172855274,"Millennial"
"icr030513",5.88028647050714,"Millennial"
"icr030515",5.77370872186567,"Millennial"
"icr030547",5.20744706946637,"Millennial"
"icr033391",2.88707266838413,"Millennial"
"icr033396",3.44098985521967,"Millennial"
"icr033398",3.60075876991803,"Millennial"
"icr033400",3.57049536078034,"Millennial"
"icr033402",3.30226389597788,"Millennial"
"icr033404",4.07576506705763,"Millennial"
"icr033406",2.88192193394704,"Millennial"
"icr033411",4.23318848770506,"Millennial"
"icr033413",3.53313169238247,"Millennial"
"icr033415",4.17084623139179,"Millennial"
"icr033417",3.02137241292758,"Millennial"
"icr033419",1.81559772430876,"Millennial"
"icr033447",4.25505623263242,"Millennial"
"icr033451",3.11934180385069,"Millennial"
"icr033452",3.49446471348749,"Millennial"
"icr033470",2.01066159361681,"Millennial"
"icr033472",2.38992655088671,"Millennial"
"icr033474",3.01395354258095,"Millennial"
"icr033476",2.94260701787739,"Millennial"
"icr033490",4.02023725910744,"Millennial"
"icr033508",2.97476060055833,"Millennial"
"icr033509",3.05287100181475,"Millennial"
"icr033511",2.67951869457342,"Millennial"
"icr033533",2.18546372193784,"Millennial"
"icr033535",2.75763292723458,"Millennial"
"icr033541",3.29644463949558,"Millennial"
"icr033545",3.5270560725957,"Millennial"
"icr033551",3.18378257656993,"Millennial"
"icr033553",2.85251449785496,"Millennial"
"icr033555",3.34788162936781,"Millennial"
"icr033557",3.31079386335473,"Millennial"
"icr033559",3.1203031057792,"Millennial"
"icr033561",3.27075555179895,"Millennial"
"icr033568",3.02698158391783,"Millennial"
"icr033570",3.18077832447828,"Millennial"
"icr033571",2.39669276071414,"Millennial"
"icr033572",2.62671114702432,"Millennial"
"icr033580",3.00081308918517,"Millennial"
"icr033584",4.34559036890947,"Millennial"
"icr033588",2.05785714007696,"Millennial"
"icr033592",6.04887802828332,"Millennial"
"icr033598",6.57658563433009,"Millennial"
"icr033602",5.67988558912203,"Millennial"
"icr033616",5.41434286803258,"Millennial"
"icr033618",5.41267232025814,"Millennial"
"icr033619",5.34834605951706,"Millennial"
"icr033625",5.08872416850645,"Millennial"
"icr033627",4.64345486527661,"Millennial"
"icr033631",4.78451813633288,"Millennial"
"icr033632",4.84135342341887,"Millennial"
"icr033634",5.07032038584211,"Millennial"
"icr033636",4.29280216377095,"Millennial"
"icr033637",4.92085460697609,"Millennial"
"icr033644",4.14793091994229,"Millennial"
"icr033646",4.97680578464829,"Millennial"
"icr033648",5.48953986265256,"Millennial"
"icr033650",5.06406816011975,"Millennial"
"icr033652",4.75162024238378,"Millennial"
"icr033660",5.66916844900592,"Millennial"
"icr033664",5.73288844162442,"Millennial"
"icr033666",4.98165694881818,"Millennial"
"icr033670",5.53066446520442,"Millennial"
"icr033672",5.65415416053594,"Millennial"
"icr033680",5.11000226586605,"Millennial"
"icr033684",5.13843417243978,"Millennial"
"icr033690",5.57419808718611,"Millennial"
"icr033704",5.06497343683122,"Millennial"
"icr033710",4.69800798967345,"Millennial"
"icr033716",5.29275553354609,"Millennial"
"icr033724",4.39505129578684,"Millennial"
"icr033727",4.86815034752747,"Millennial"
"icr033729",4.56399686744981,"Millennial"
"icr033732",4.68276174361343,"Millennial"
"icr033738",5.32786441500135,"Millennial"
"icr033748",4.60625130287165,"Millennial"
"icr033750",4.6366084989086,"Millennial"
"icr033752",5.38196528493449,"Millennial"
"icr033754",5.4184706126029,"Millennial"
"icr033756",4.93789751095993,"Millennial"
"icr033757",5.36327679753051,"Millennial"
"icr033767",5.39489617093603,"Millennial"
"icr033769",5.41794509269675,"Millennial"
"icr033781",4.78837358236256,"Millennial"
"icr033787",4.97847935237601,"Millennial"
"icr033801",4.76387280747319,"Millennial"
"icr033805",3.90333030930305,"Millennial"
"icr033815",5.17738821571208,"Millennial"
"icr033819",4.9184233604785,"Millennial"
"icr033833",5.42436889595228,"Millennial"
"icr033845",5.44512235732307,"Millennial"
"icr033847",5.53563053996009,"Millennial"
"icr033863",5.28592602902714,"Millennial"
"icr033869",5.13128409145792,"Millennial"
"icr033873",4.93130716064456,"Millennial"
"icr033874",4.88228749718459,"Millennial"
"icr033878",4.39491756982183,"Millennial"
"icr033880",4.83749121736778,"Millennial"
"icr033896",4.69816552880941,"Millennial"
"icr033902",5.2756025851028,"Millennial"
"icr033904",5.2629011210918,"Millennial"
"icr034422",3.80655497873461,"Millennial"
"icr037453",2.17541793740946,"Millennial"
"icr037531",2.26041702014448,"Millennial"
"icr037574",2.23926479155076,"Millennial"
"icr037590",2.87553210939645,"Millennial"
"icr037626",2.39171876692216,"Millennial"
"icr037689",3.51959350164696,"Millennial"
"icr037699",3.1459099235416,"Millennial"
"icr037767",7.20201402887567,"Millennial"
"icr037843",7.57573682066759,"Millennial"
"icr037869",7.70420862233464,"Millennial"
"icr037901",8.00775517586676,"Millennial"
"icr037927",7.15966200658924,"Millennial"
"icr037969",6.69651050134128,"Millennial"
"icr037986",8.38835478011735,"Millennial"
"icr038034",7.72179941018855,"Millennial"
"icr038102",10.4137069488352,"Millennial"
"icr038110",10.3534711749734,"Millennial"
"icr038116",11.0983578278508,"Millennial"
"icr038118",9.82759434858404,"Millennial"
"icr038142",8.8304628708602,"Millennial"
"icr038147",9.19492819673134,"Millennial"
"icr038154",9.10577709584039,"Millennial"
"icr038156",9.27282671058708,"Millennial"
"icr038158",8.93092190661699,"Millennial"
"icr038162",9.05574995813261,"Millennial"
"icr038167",9.00093194470347,"Millennial"
"icr038169",8.84459839915872,"Millennial"
"icr038191",9.41886130300288,"Millennial"
"icr038193",8.80950009390584,"Millennial"
"icr038197",8.97562323166336,"Millennial"
"icr038200",9.65981764733775,"Millennial"
"icr038202",9.30509580536087,"Millennial"
"icr038218",9.38750672223905,"Millennial"
"icr038227",8.53477638599402,"Millennial"
"icr038229",8.31747242802206,"Millennial"
"icr038236",9.33079536647021,"Millennial"
"icr038239",8.29371687384128,"Millennial"
"icr038242",8.2038321112805,"Millennial"
"icr038249",9.61936632130417,"Millennial"
"icr038263",8.29019478090996,"Millennial"
"icr038273",9.19578763749009,"Millennial"
"icr038281",7.8550065084781,"Millennial"
"icr038288",7.85448555121542,"Millennial"
"icr038291",8.19212455167732,"Millennial"
"icr038293",8.26191641851743,"Millennial"
"icr038299",7.95968402015928,"Millennial"
"icr038301",7.09822505479834,"Millennial"
"icr038302",7.75551858849299,"Millennial"
"icr038304",7.9152418431079,"Millennial"
"icr038320",8.9870933379257,"Millennial"
"icr038345",8.62963057652195,"Millennial"
"icr038357",8.05160723879106,"Millennial"
"icr038363",8.12633770393224,"Millennial"
"icr038368",7.81652958160175,"Millennial"
"icr038377",8.36793440958242,"Millennial"
"icr038381",8.49831303552414,"Millennial"
"icr041643",3.29067712893964,"Millennial"
"icr041647",3.92437012296536,"Millennial"
"icr041649",3.89771550517969,"Millennial"
"icr041651",3.80523782943308,"Millennial"
"icr041655",3.11390010241996,"Millennial"
"icr041659",4.26800758831931,"Millennial"
"icr041673",4.8044134757874,"Millennial"
"icr041679",4.78154080608413,"Millennial"
"icr041685",4.50351123633953,"Millennial"
"icr041699",4.51622074241293,"Millennial"
"icr041717",4.8976536703192,"Millennial"
"icr041733",3.88888225105759,"Millennial"
"icr041735",4.4719918477282,"Millennial"
"icr041741",4.03374034884476,"Millennial"
"icr041743",4.66377530029673,"Millennial"
"icr041747",4.48973684693524,"Millennial"
"icr041751",3.72527496227195,"Millennial"
"icr041755",4.39286088862513,"Millennial"
"icr041765",5.13589639007251,"Millennial"
"icr041777",4.77860667902534,"Millennial"
"icr041789",3.84469225099428,"Millennial"
"icr041813",3.54038868209367,"Millennial"
"icr041821",3.85455332489167,"Millennial"
"icr041825",4.15347988601243,"Millennial"
"icr041830",3.69522735320499,"Millennial"
"icr041834",4.18589497020852,"Millennial"
"icr041838",4.50577678377258,"Millennial"
"icr041854",4.15522609632198,"Millennial"
"icr041868",3.56787337727556,"Millennial"
"icr041878",4.76726419799255,"Millennial"
"icr041882",4.62930855011944,"Millennial"
"icr041884",4.33325350184651,"Millennial"
"icr041888",4.94932838109003,"Millennial"
"icr041890",4.35445591445104,"Millennial"
"icr041892",4.0692945981547,"Millennial"
"icr041898",4.04809472797851,"Millennial"
"icr041904",3.674114012331,"Millennial"
"icr041912",3.65392409825382,"Millennial"
"icr041914",3.38102400080334,"Millennial"
"icr041917",3.62018607645828,"Millennial"
"icr041925",3.68726346333485,"Millennial"
"icr041935",5.03307950321707,"Millennial"
"icr041949",4.15764745555865,"Millennial"
"icr041987",9.38563224498441,"Millennial"
"icr041992",9.23149369574551,"Millennial"
"icr041999",8.25200029441169,"Millennial"
"icr042024",9.68767521933488,"Millennial"
"icr042066",9.60926595726127,"Millennial"
"icr042070",7.74879033039445,"Millennial"
"icr042074",8.82233539739605,"Millennial"
"icr042080",9.43691281597753,"Millennial"
"icr042082",9.7577167101049,"Millennial"
"icr042103",9.42771386846399,"Millennial"
"icr042108",8.974747262539,"Millennial"
"icr042113",9.16906349413491,"Millennial"
"icr042117",9.96433189166861,"Millennial"
"icr042121",8.10643495310042,"Millennial"
"icr042122",9.4330584059857,"Millennial"
"icr042132",10.6940067128545,"Millennial"
"icr042141",10.4170388966516,"Millennial"
"icr042147",12.0976535333227,"Millennial"
"icr042149",9.80350740756144,"Millennial"
"icr042152",9.40746174959652,"Millennial"
"icr042162",9.7362677496793,"Millennial"
"icr042168",9.99234749850279,"Millennial"
"icr042170",8.59750665564771,"Millennial"
"icr042180",8.11092519900279,"Millennial"
"icr042189",9.76110110728547,"Millennial"
"icr042191",10.6229868621958,"Millennial"
"icr042193",9.73708689262153,"Millennial"
"icr042203",10.4465334311443,"Millennial"
"icr042204",10.4621261978731,"Millennial"
"icr042210",10.7187846816363,"Millennial"
"icr042239",10.8616535990404,"Millennial"
"icr042241",12.9046675558659,"Millennial"
"icr042245",12.3424648667351,"Millennial"
"icr042249",9.37121463476928,"Millennial"
"icr042253",9.4781281729168,"Millennial"
"icr042263",9.46493078404672,"Millennial"
"icr042265",8.58728289409008,"Millennial"
"icr042267",7.25628326637608,"Millennial"
"icr042271",9.20755189058569,"Millennial"
"icr042273",9.42702444490919,"Millennial"
"icr042275",8.73427019927251,"Millennial"
"icr042279",9.05197327940525,"Millennial"
"icr042280",12.0782963806645,"Millennial"
"icr042282",10.2999828118516,"Millennial"
"icr042790",5.24199789976999,"Millennial"
"icr042836",4.38539852241378,"Millennial"
"icr042867",5.04675372112364,"Millennial"
"icr042896",5.65343676068733,"Millennial"
"icr042930",4.15308390937664,"Millennial"
"icr042990",5.4310706326345,"Millennial"
"icr043068",5.34571196038725,"Millennial"
"icr043248",3.87335142648305,"Millennial"
"icr043266",3.6492144900804,"Millennial"
"icr043287",4.5294213886881,"Millennial"
"icr043347",3.86812644289576,"Millennial"
"icr043401",4.42904775318891,"Millennial"
"icr048485",8.86445761294284,"Millennial"
"icr048520",8.81502470483493,"Millennial"
"icr048642",11.5603319258331,"Millennial"
"icr048664",9.50547385747,"Millennial"
"icr048704",9.72271978606591,"Millennial"
"icr048755",3.97101651803964,"Millennial"
"icr048837",3.39842717179489,"Millennial"
"icr048942",3.54516002174587,"Millennial"
"icr049074",3.6609669937181,"Millennial"
"icr049735",6.13748318856378,"Millennial"
"icr050214",5.3228638062446,"Millennial"
"icr050234",6.46852445220552,"Millennial"
"icr050254",6.15327212297265,"Millennial"
"icr050274",5.47445670529103,"Millennial"
"icr050294",6.62826729924918,"Millennial"
"icr050354",6.54613659122661,"Millennial"
"icr054165",7.6415644417021,"Millennial"
"icr054175",8.03854661774396,"Millennial"
"icr054181",7.88985930340559,"Millennial"
"icr054187",7.4210972953404,"Millennial"
"icr054188",7.33089690731284,"Millennial"
"icr054190",7.66272905479216,"Millennial"
"icr054194",7.51443789663637,"Millennial"
"icr054201",7.44692172511883,"Millennial"
"icr054205",7.66602948024212,"Millennial"
"icr054214",7.69387151985011,"Millennial"
"icr054222",7.42001608609415,"Millennial"
"icr054232",8.01046798278571,"Millennial"
"icr054234",7.66975800280205,"Millennial"
"icr054250",7.68249933723681,"Millennial"
"icr054256",8.41432939619551,"Millennial"
"icr054260",7.56459307341668,"Millennial"
"icr054269",7.62320425685542,"Millennial"
"icr054285",8.66220564077732,"Millennial"
"icr054287",9.76611634103615,"Millennial"
"icr054289",7.71274330309929,"Millennial"
"icr054293",7.98821511148946,"Millennial"
"icr054301",7.880438212543,"Millennial"
"icr054307",7.54059718045165,"Millennial"
"icr054309",7.70200990035762,"Millennial"
"icr054315",7.11594554570106,"Millennial"
"icr054317",7.62217148767772,"Millennial"
"icr054321",7.35413165188885,"Millennial"
"icr054322",8.324228318722,"Millennial"
"icr054324",7.43750061896452,"Millennial"
"icr054326",7.64344094215495,"Millennial"
"icr054328",7.09679163779004,"Millennial"
"icr054330",8.63196319523067,"Millennial"
"icr054332",8.57221941911111,"Millennial"
"icr054336",8.03101044231003,"Millennial"
"icr054340",6.63269352808473,"Millennial"
"icr054348",7.55279700349669,"Millennial"
"icr054357",7.8248394324915,"Millennial"
"icr054358",7.84493434663789,"Millennial"
"icr054362",7.59735337104764,"Millennial"
"icr054363",8.12053102626681,"Millennial"
"icr054365",7.67728928455388,"Millennial"
"icr054368",7.43367721066413,"Millennial"
"icr054369",7.80446629414073,"Millennial"
"icr054372",7.77787721015264,"Millennial"
"icr054374",7.59245845648045,"Millennial"
"icr054387",8.74017407743441,"Millennial"
"icr054391",8.16771950541132,"Millennial"
"icr054395",8.17884627849894,"Millennial"
"icr054400",7.63915461420052,"Millennial"
"icr054405",7.49321891994822,"Millennial"
"icr054410",7.6603546342466,"Millennial"
"icr054414",7.84720794200551,"Millennial"
"icr054415",7.95304104477739,"Millennial"
"icr054417",7.22057585637874,"Millennial"
"icr054426",7.53919883142904,"Millennial"
"icr054433",7.24084528659062,"Millennial"
"icr054439",7.42041827692229,"Millennial"
"icr054443",6.99060813191455,"Millennial"
"icr054444",7.82595698076956,"Millennial"
"icr054445",7.68315432061412,"Millennial"
"icr054449",7.5896450897466,"Millennial"
"icr054455",6.90504710280057,"Millennial"
"icr054471",8.15171259626862,"Millennial"
"icr054476",7.93460413140379,"Millennial"
"icr054479",7.85352498243234,"Millennial"
"icr054506",7.20752748115349,"Millennial"
"icr054509",6.98424966237599,"Millennial"
"icr054510",6.44722944922919,"Millennial"
"icr054520",7.10874410556974,"Millennial"
"icr054521",7.17620850822192,"Millennial"
"icr054522",6.78541417091441,"Millennial"
"icr054523",6.88570312420706,"Millennial"
"icr054527",6.80541953596559,"Millennial"
"icr054529",6.91343698828818,"Millennial"
"icr054531",8.05405621334381,"Millennial"
"icr054532",7.191667320128,"Millennial"
"icr054540",6.84364522304382,"Millennial"
"icr054556",7.94985394560516,"Millennial"
"icr054560",7.95348888953816,"Millennial"
"icr054564",6.85689622380436,"Millennial"
"icr054566",6.88313009681493,"Millennial"
"icr054574",7.06921723685078,"Millennial"
"icr054595",6.8185005944137,"Millennial"
"icr054596",7.12736912412655,"Millennial"
"icr054598",6.94536613875435,"Millennial"
"icr054614",7.99049061885533,"Millennial"
"icr054626",6.95485870245355,"Millennial"
"icr054633",6.8887670503592,"Millennial"
"icr054635",6.93397844765094,"Millennial"
"icr054639",7.2035343895224,"Millennial"
"icr054643",7.60276826319776,"Millennial"
"icr054645",6.83042842954749,"Millennial"
"icr054646",7.6954396149503,"Millennial"
"icr054654",6.73740694743016,"Millennial"
"icr054684",6.91444603770095,"Millennial"
"icr054703",6.76483404544736,"Millennial"
"icr054709",7.0604122741198,"Millennial"
"icr054713",7.10430623884381,"Millennial"
"icr056220",7.65442396529843,"Millennial"
"icr056360",8.13969388619565,"Millennial"
"icr056500",6.32494851771143,"Millennial"
"icr062136",11.432146552346,"Millennial"
"icr062138",11.5053573016523,"Millennial"
"icr062139",11.7654339880316,"Millennial"
"icr062141",10.8686220240925,"Millennial"
"icr062143",11.6613479723853,"Millennial"
"icr062145",10.8182266072805,"Millennial"
"icr062149",11.4290603195493,"Millennial"
"icr062151",10.7897346009491,"Millennial"
"icr062153",11.5278859862634,"Millennial"
"icr062157",11.907090854618,"Millennial"
"icr062159",11.6816552393797,"Millennial"
"icr062165",11.4314246929772,"Millennial"
"icr062167",11.5514467538253,"Millennial"
"icr062169",11.7696479160887,"Millennial"
"icr062173",11.8411036747093,"Millennial"
"icr062175",12.3157338000831,"Millennial"
"icr062179",10.8176581218475,"Millennial"
"icr062181",12.1820047225838,"Millennial"
"icr062183",11.7305521416496,"Millennial"
"icr062187",11.6199298672475,"Millennial"
"icr062195",12.2989523267103,"Millennial"
"icr062197",12.0472139836219,"Millennial"
"icr062199",12.1102816196984,"Millennial"
"icr062201",11.8538376940622,"Millennial"
"icr062203",10.1845707965926,"Millennial"
"icr062209",10.9017118494766,"Millennial"
"icr062211",12.109478192444,"Millennial"
"icr062213",11.963122320768,"Millennial"
"icr062219",11.4590099413938,"Millennial"
"icr062227",11.7739450959677,"Millennial"
"icr062231",11.4095460222315,"Millennial"
"icr062237",12.1884149157109,"Millennial"
"icr062239",12.077586109796,"Millennial"
"icr062241",10.4156080676417,"Millennial"
"icr062243",12.2980264399797,"Millennial"
"icr062247",11.3751831280165,"Millennial"
"icr062249",12.3514508266093,"Millennial"
"icr062251",11.9870317651162,"Millennial"
"icr062253",11.9048420549668,"Millennial"
"icr062259",11.8032496835639,"Millennial"
"icr062261",10.8931590093873,"Millennial"
"icr062263",10.1802023838224,"Millennial"
"icr062265",12.4058277917457,"Millennial"
"icr062267",12.1048278010401,"Millennial"
"icr062280",10.9942648527365,"Millennial"
"icr062281",11.1366895287998,"Millennial"
"icr062285",10.2318305460397,"Millennial"
"icr062287",11.9314195206933,"Millennial"
"icr062289",11.6305722429214,"Millennial"
"icr062292",11.5343123841866,"Millennial"
"icr062294",11.7358261458036,"Millennial"
"icr062296",11.9283945724133,"Millennial"
"icr062298",11.8370822811957,"Millennial"
"icr062302",11.7799585605035,"Millennial"
"icr062306",11.6944105017099,"Millennial"
"icr062308",11.9429916701561,"Millennial"
"icr062310",11.8396991407217,"Millennial"
"icr062312",11.6409167032907,"Millennial"
"icr062316",9.60271484484289,"Millennial"
"icr062318",12.1226969386572,"Millennial"
"icr062320",12.1480728371281,"Millennial"
"icr062322",12.2171273445079,"Millennial"
"icr062324",11.9696718188993,"Millennial"
"icr062330",11.9601052818346,"Millennial"
"icr062334",11.858993935435,"Millennial"
"icr062336",12.3155061072181,"Millennial"
"icr062338",12.0960753453103,"Millennial"
"icr062339",11.2848145255272,"Millennial"
"icr062343",12.0700862189356,"Millennial"
"icr062347",12.228261711201,"Millennial"
"icr062351",12.0649073696234,"Millennial"
"icr062353",12.5230727906679,"Millennial"
"icr062355",12.095663129201,"Millennial"
"icr062357",12.1354733049776,"Millennial"
"icr062359",12.4045680151431,"Millennial"
"icr062365",12.2634502153067,"Millennial"
"icr062369",11.8457874467927,"Millennial"
"icr062375",11.7537429459139,"Millennial"
"icr062381",11.1475376896584,"Millennial"
"icr062383",11.3948615558792,"Millennial"
"icr062385",9.94441476512598,"Millennial"
"icr062387",11.8055038552065,"Millennial"
"icr062391",11.4025212281315,"Millennial"
"icr062393",10.4093561581386,"Millennial"
"icr062395",12.4379735303763,"Millennial"
"icr062399",11.656867188711,"Millennial"
"icr062403",11.4575323317833,"Millennial"
"icr062405",12.4793977046999,"Millennial"
"icr062407",12.0356817135319,"Millennial"
"icr062409",11.9141660042131,"Millennial"
"icr062411",11.9323139625489,"Millennial"
"icr062415",12.181471806766,"Millennial"
"icr062417",11.3716262321195,"Millennial"
"icr062421",11.7183921887735,"Millennial"
"icr062425",11.5835361329612,"Millennial"
"icr062427",11.7421531494049,"Millennial"
"icr062431",12.2476657372319,"Millennial"
"icr062435",12.3870898217427,"Millennial"
"icr062437",11.8177592484585,"Millennial"
"icr062439",12.2056970722204,"Millennial"
"icr062443",11.2142266086907,"Millennial"
"icr062451",11.9031972869905,"Millennial"
"icr068101",1.17035779412477e-06,"Millennial"
"icr068131",5.8348759533952e-11,"Millennial"
"icr068149",0,"Millennial"
"icr068161",0.150306961467752,"Millennial"
"icr068199",3.51441467920162e-10,"Millennial"
"icr068221",1.74531099170948e-11,"Millennial"
"icr068265",2.64318261558282e-10,"Millennial"
"icr068279",0,"Millennial"
"icr068321",0,"Millennial"
"icr068339",0,"Millennial"
"icr068361",0,"Millennial"
"icr068381",2.17614029089454e-19,"Millennial"
"icr068399",0.218605217954127,"Millennial"
"icr068419",3.79931735534843,"Millennial"
"icr068499",3.96279530500127,"Millennial"
"icr068521",3.6638421054014,"Millennial"
"icr068539",4.22702232171761,"Millennial"
"icr068579",3.96410732840724,"Millennial"
"icr068677",3.50989834819389,"Millennial"
"icr068717",3.93542408858025,"Millennial"
"icr069849",0.0944128894214349,"Millennial"
"icr069869",8.5135008676756e-07,"Millennial"
"icr070029",1.49472141207906e-06,"Millennial"
"icr070112",4.44848680546613,"Millennial"
"icr070124",4.27235907127116,"Millennial"
"icr070164",3.79677545020542,"Millennial"
"icr070202",3.06577425208115,"Millennial"
"icr070262",3.24293081580673,"Millennial"
"icr070328",2.98743238352978,"Millennial"
"icr070370",3.4951848220023,"Millennial"
"icr070386",3.15227232267918,"Millennial"
"icr072246",9.06898589232056,"Millennial"
"icr072286",9.10126181258488,"Millennial"
"icr072365",9.82714583176225,"Millennial"
"icr072405",8.10884691420205,"Millennial"
"icr072425",9.36008271641529,"Millennial"
"icr072544",8.37055040679595,"Millennial"
"icr072596",5.30639676750801,"Millennial"
"icr072616",5.40662117365417,"Millennial"
"icr072656",5.51188500464352,"Millennial"
"icr072696",5.08495688929983,"Millennial"
"icr072716",4.38532098254784,"Millennial"
"icr072756",4.62138974605863,"Millennial"
"icr072816",4.7007396400621,"Millennial"
"icr072836",4.36404126667411,"Millennial"
"icr072896",4.7194336683895,"Millennial"
"icr072948",9.28113829694435,"Millennial"
"icr072968",9.69418705894036,"Millennial"
"icr073008",10.4177468749168,"Millennial"
"icr073068",9.57206272551378,"Millennial"
"icr073128",8.72723457062683,"Millennial"
"icr073148",9.17427769984891,"Millennial"
"icr073168",8.83686010785407,"Millennial"
"icr073208",10.5221124588717,"Millennial"
"icr073228",10.1738651174899,"Millennial"
"icr073300",11.0128831234443,"Millennial"
"icr073320",10.1314198361747,"Millennial"
"icr073340",10.2434014378497,"Millennial"
"icr073361",10.4837326624011,"Millennial"
"icr073379",10.2896651768757,"Millennial"
"icr073399",10.8305748641806,"Millennial"
"icr073439",10.4869905826634,"Millennial"
"icr073479",11.1613087913914,"Millennial"
"icr073519",10.1196207725158,"Millennial"
"icr073539",10.51213773407,"Millennial"
"icr073558",9.99390451268358,"Millennial"
"icr073578",9.83141262951037,"Millennial"
"icr074045",8.01847976418798,"Millennial"
"icr074122",7.89911014551182,"Millennial"
"icr074159",7.32249747329635,"Millennial"
"icr074318",7.63667275466556,"Millennial"
"icr074336",7.92122340486337,"Millennial"
"icr074356",5.40252664887797,"Millennial"
"icr074376",7.0248064421278,"Millennial"
"icr074396",6.59928908016289,"Millennial"
"icr074413",7.20165344881639,"Millennial"
"icr074433",7.98061535394317,"Millennial"
"icr074470",6.40617551993031,"Millennial"
"icr074509",4.14225367088625,"Millennial"
"icr074529",7.27006192833496,"Millennial"
"icr074544",6.34805049030463,"Millennial"
"icr074580",5.14216253408791,"Millennial"
"icr074631",2.24088177315929,"Millennial"
"icr074671",3.2416821634281,"Millennial"
"icr074691",4.28484120217377,"Millennial"
"icr074731",2.79344491631845,"Millennial"
"icr074751",2.55981996649702,"Millennial"
"icr074771",3.20200316050463,"Millennial"
"icr074891",2.25076425605008,"Millennial"
"icr074983",4.16161917901768,"Millennial"
"icr075023",4.78167548134536,"Millennial"
"icr075083",4.00580173711997,"Millennial"
"icr075143",5.95772145597841,"Millennial"
"icr075224",5.66369906858373,"Millennial"
"icr075240",4.76342203821475,"Millennial"
"icr075260",3.91818190250206,"Millennial"
"icr075350",9.95663349361884,"Millennial"
"icr075410",10.3890021188326,"Millennial"
"icr075528",10.3146364536267,"Millennial"
"icr075676",4.94885833277841,"Millennial"
"icr075696",5.07734722795181,"Millennial"
"icr075736",7.14124707682935,"Millennial"
"icr075756",4.37965631533305,"Millennial"
"icr075796",6.1870900123688,"Millennial"
"icr075876",6.93513296829974,"Millennial"
"icr075916",6.44335533107815,"Millennial"
"icr076353",7.68648412382745,"Millennial"
"icr076355",9.77115893488943,"Millennial"
"icr076357",8.27603141725044,"Millennial"
"icr076362",8.16447320917336,"Millennial"
"icr076366",8.39884012796473,"Millennial"
"icr076368",7.56900322836587,"Millennial"
"icr076372",8.70338337014134,"Millennial"
"icr076374",7.42738125294669,"Millennial"
"icr076386",8.41698796157864,"Millennial"
"icr076392",9.18463453519075,"Millennial"
"icr076400",8.93004334540481,"Millennial"
"icr076406",7.50816902535528,"Millennial"
"icr076408",9.02262191168099,"Millennial"
"icr076410",7.39953752364867,"Millennial"
"icr076412",7.8702963121415,"Millennial"
"icr076418",7.21147974833524,"Millennial"
"icr076420",8.94505719306864,"Millennial"
"icr076422",8.22549017917481,"Millennial"
"icr076424",8.70187928232218,"Millennial"
"icr076442",8.55619540620414,"Millennial"
"icr076446",7.62280183987994,"Millennial"
"icr076452",9.38080644389566,"Millennial"
"icr076460",8.77876074681913,"Millennial"
"icr076474",8.61768260559901,"Millennial"
"icr076478",8.86763182564047,"Millennial"
"icr076480",7.89980298940185,"Millennial"
"icr076490",9.17708836256565,"Millennial"
"icr076492",8.6114333905366,"Millennial"
"icr076494",8.33726709634944,"Millennial"
"icr076506",8.41337962392828,"Millennial"
"icr076508",9.16697136839633,"Millennial"
"icr076512",9.27912128675982,"Millennial"
"icr076518",8.95291863816012,"Millennial"
"icr076526",8.85040212047023,"Millennial"
"icr076527",9.69474566943603,"Millennial"
"icr076533",8.67026216920362,"Millennial"
"icr076547",8.83697113002318,"Millennial"
"icr076551",8.3067013078415,"Millennial"
"icr076555",8.58404638937772,"Millennial"
"icr076569",9.58958174802255,"Millennial"
"icr076571",9.52514082608657,"Millennial"
"icr076573",9.87239599021703,"Millennial"
"icr076589",9.70523842903103,"Millennial"
"icr076605",9.93457879060038,"Millennial"
"icr076607",9.74193189838864,"Millennial"
"icr076611",10.0957822060164,"Millennial"
"icr076613",9.88802445699788,"Millennial"
"icr076617",9.95231344933972,"Millennial"
"icr076623",10.3026881079889,"Millennial"
"icr076627",10.1151050865829,"Millennial"
"icr076632",10.2903715614065,"Millennial"
"icr076638",10.0754634796689,"Millennial"
"icr076640",9.25659533681201,"Millennial"
"icr076646",8.56850168347471,"Millennial"
"icr076648",9.69830847283582,"Millennial"
"icr076655",8.45332955683353,"Millennial"
"icr005934",1.7688,"Observed"
"icr005940",3.5108,"Observed"
"icr005950",1.768,"Observed"
"icr005952",1.3824,"Observed"
"icr005958",2.6598,"Observed"
"icr005971",2.842,"Observed"
"icr005973",2.8116,"Observed"
"icr005975",3.416,"Observed"
"icr005977",2.145,"Observed"
"icr005981",1.5288,"Observed"
"icr005987",5.5282,"Observed"
"icr005988",5.217,"Observed"
"icr005989",5.2136,"Observed"
"icr005990",3.2928,"Observed"
"icr005995",1.5264,"Observed"
"icr005997",8.3022,"Observed"
"icr006000",2.5208,"Observed"
"icr006010",3.3232,"Observed"
"icr006021",1.421,"Observed"
"icr006027",1.6576,"Observed"
"icr006041",0.87,"Observed"
"icr006058",0.986,"Observed"
"icr006064",1.6992,"Observed"
"icr006073",4.4892,"Observed"
"icr006081",2.3408,"Observed"
"icr006084",3.3798,"Observed"
"icr006099",5.8624,"Observed"
"icr006115",2.1754,"Observed"
"icr006117",5.4312,"Observed"
"icr006130",2.233,"Observed"
"icr006139",2.6384,"Observed"
"icr006145",6.864,"Observed"
"icr006162",6.016,"Observed"
"icr006166",7.398,"Observed"
"icr006175",8.19,"Observed"
"icr006176",4.8246,"Observed"
"icr006185",2.8016,"Observed"
"icr006192",5.1992,"Observed"
"icr006454",2.6132,"Observed"
"icr006474",1.6416,"Observed"
"icr006492",2.7832,"Observed"
"icr006510",2.744,"Observed"
"icr006530",1.9738,"Observed"
"icr006570",1.798,"Observed"
"icr006586",3.1392,"Observed"
"icr006626",1.2212,"Observed"
"icr006684",1.988,"Observed"
"icr006704",1.9162,"Observed"
"icr006744",1.0152,"Observed"
"icr007987",2.4104,"Observed"
"icr010535",2.3254,"Observed"
"icr011941",1.0728,"Observed"
"icr012079",1.359,"Observed"
"icr015592",2.01,"Observed"
"icr020848",1.568,"Observed"
"icr020850",3.8086,"Observed"
"icr020852",2.912,"Observed"
"icr020860",2.044,"Observed"
"icr020864",1.148,"Observed"
"icr020868",1.4664,"Observed"
"icr020872",1.3064,"Observed"
"icr020882",1.7484,"Observed"
"icr020888",2.436,"Observed"
"icr020900",1.428,"Observed"
"icr020904",1.26,"Observed"
"icr020908",3.22,"Observed"
"icr020910",2.0294,"Observed"
"icr020912",3.2148,"Observed"
"icr020914",2.6412,"Observed"
"icr020918",1.876,"Observed"
"icr020922",6.048,"Observed"
"icr020929",1.792,"Observed"
"icr020933",1.4904,"Observed"
"icr020939",4.002,"Observed"
"icr020941",1.1398,"Observed"
"icr020943",1.316,"Observed"
"icr020947",1.9738,"Observed"
"icr020949",1.316,"Observed"
"icr020951",2.641,"Observed"
"icr020955",2.856,"Observed"
"icr020957",3.9198,"Observed"
"icr020966",3.388,"Observed"
"icr020968",3.2804,"Observed"
"icr020970",3.0024,"Observed"
"icr020972",2.1128,"Observed"
"icr020974",2.3564,"Observed"
"icr020976",2.7876,"Observed"
"icr020978",3.2606,"Observed"
"icr020982",3.9456,"Observed"
"icr020984",2.6852,"Observed"
"icr020986",1.8744,"Observed"
"icr020990",5.8512,"Observed"
"icr020991",2.0016,"Observed"
"icr020993",2.363,"Observed"
"icr020995",5.292,"Observed"
"icr020998",5.0592,"Observed"
"icr021002",2.272,"Observed"
"icr021006",2.072,"Observed"
"icr021008",1.809,"Observed"
"icr021013",1.9182,"Observed"
"icr021015",2.192,"Observed"
"icr021023",2.2356,"Observed"
"icr021031",1.932,"Observed"
"icr021033",1.6958,"Observed"
"icr021035",2.7522,"Observed"
"icr021041",1.7664,"Observed"
"icr021045",1.104,"Observed"
"icr021051",4.9206,"Observed"
"icr021057",1.484,"Observed"
"icr021063",3.164,"Observed"
"icr021065",1.5846,"Observed"
"icr021077",1.9176,"Observed"
"icr021081",2.0572,"Observed"
"icr021085",2.6966,"Observed"
"icr021095",0.994,"Observed"
"icr021099",2.3074,"Observed"
"icr021101",1.3622,"Observed"
"icr021103",1.596,"Observed"
"icr021111",2.3184,"Observed"
"icr021121",1.624,"Observed"
"icr021123",1.6638,"Observed"
"icr021127",4.312,"Observed"
"icr021128",2.856,"Observed"
"icr021132",4.5314,"Observed"
"icr021133",1.974,"Observed"
"icr021139",3.8916,"Observed"
"icr021143",1.9182,"Observed"
"icr021144",4.592,"Observed"
"icr021145",3.9754,"Observed"
"icr021147",3.164,"Observed"
"icr021152",3.2844,"Observed"
"icr024866",2.256,"Observed"
"icr024870",4.76,"Observed"
"icr024871",1.6302,"Observed"
"icr024876",2.6696,"Observed"
"icr024883",1.9584,"Observed"
"icr024885",1.9872,"Observed"
"icr024887",1.827,"Observed"
"icr024889",3.0888,"Observed"
"icr024891",1.74,"Observed"
"icr024901",2.8512,"Observed"
"icr024923",1.716,"Observed"
"icr024925",2.397,"Observed"
"icr024931",2.5662,"Observed"
"icr024935",2.4252,"Observed"
"icr024956",1.859,"Observed"
"icr024960",2.3616,"Observed"
"icr024974",2.3166,"Observed"
"icr024975",4.6306,"Observed"
"icr024976",1.918,"Observed"
"icr024980",6.2604,"Observed"
"icr024982",4.0964,"Observed"
"icr024985",1.518,"Observed"
"icr024987",2.5728,"Observed"
"icr024988",2.5756,"Observed"
"icr024990",2.085,"Observed"
"icr024992",3.699,"Observed"
"icr024993",2.754,"Observed"
"icr024994",1.781,"Observed"
"icr024999",4.5024,"Observed"
"icr025000",7.452,"Observed"
"icr025001",2.5116,"Observed"
"icr025003",6.3042,"Observed"
"icr025006",1.218,"Observed"
"icr025008",1.9448,"Observed"
"icr025016",1.9296,"Observed"
"icr025020",2.7548,"Observed"
"icr025024",2.5276,"Observed"
"icr025026",1.848,"Observed"
"icr025030",2.6508,"Observed"
"icr025040",3.2148,"Observed"
"icr025047",2.408,"Observed"
"icr025049",2.5296,"Observed"
"icr025061",1.8228,"Observed"
"icr025063",2.336,"Observed"
"icr025065",2.2776,"Observed"
"icr025071",2.2792,"Observed"
"icr025072",2.0736,"Observed"
"icr025078",2.6884,"Observed"
"icr025085",2.059,"Observed"
"icr025087",2.717,"Observed"
"icr025094",1.9596,"Observed"
"icr025096",4.726,"Observed"
"icr025097",2.0016,"Observed"
"icr025105",1.562,"Observed"
"icr025109",1.848,"Observed"
"icr025129",5.5664,"Observed"
"icr025130",3.2148,"Observed"
"icr025132",4.6704,"Observed"
"icr025133",3.4056,"Observed"
"icr025137",12.0782,"Observed"
"icr025138",7.6504,"Observed"
"icr030033",15.1164,"Observed"
"icr030037",15.1512,"Observed"
"icr030039",15.576,"Observed"
"icr030043",16.3624,"Observed"
"icr030051",11.176,"Observed"
"icr030055",13.0644,"Observed"
"icr030063",20.2878,"Observed"
"icr030083",17.226,"Observed"
"icr030097",7.8366,"Observed"
"icr030101",12.7238,"Observed"
"icr030113",3.6408,"Observed"
"icr030115",6.49,"Observed"
"icr030119",6.762,"Observed"
"icr030123",4.144,"Observed"
"icr030127",8.901,"Observed"
"icr030129",4.2036,"Observed"
"icr030131",6.2272,"Observed"
"icr030133",3.7908,"Observed"
"icr030137",6.5888,"Observed"
"icr030139",8.208,"Observed"
"icr030145",9.7888,"Observed"
"icr030155",8.257,"Observed"
"icr030169",14.0824,"Observed"
"icr030174",13.7408,"Observed"
"icr030176",15.64,"Observed"
"icr030181",6.0256,"Observed"
"icr030185",3.996,"Observed"
"icr030190",6.164,"Observed"
"icr030192",3.938,"Observed"
"icr030206",5.2122,"Observed"
"icr030214",14.7352,"Observed"
"icr030232",8.6346,"Observed"
"icr030234",10.6386,"Observed"
"icr030244",15.6546,"Observed"
"icr030260",2.3088,"Observed"
"icr030268",4.4312,"Observed"
"icr030270",4.6968,"Observed"
"icr030282",3.828,"Observed"
"icr030284",7.2306,"Observed"
"icr030288",7.9254,"Observed"
"icr030300",14.3376,"Observed"
"icr030310",8.8218,"Observed"
"icr030323",11.9214,"Observed"
"icr030325",6.545,"Observed"
"icr030326",5.5596,"Observed"
"icr030328",7.296,"Observed"
"icr030330",10.4562,"Observed"
"icr030332",7.2576,"Observed"
"icr030334",20.774,"Observed"
"icr030335",6.4,"Observed"
"icr030345",9.372,"Observed"
"icr030346",4.7628,"Observed"
"icr030351",9.0768,"Observed"
"icr030369",8.9662,"Observed"
"icr030370",1.014,"Observed"
"icr030372",1.8834,"Observed"
"icr030375",10.2696,"Observed"
"icr030379",6.45,"Observed"
"icr030381",4.4802,"Observed"
"icr030383",2.6986,"Observed"
"icr030386",10.1572,"Observed"
"icr030393",9.423,"Observed"
"icr030397",10.2442,"Observed"
"icr030407",11.466,"Observed"
"icr030409",4.9784,"Observed"
"icr030411",16.236,"Observed"
"icr030419",8.316,"Observed"
"icr030420",8.346,"Observed"
"icr030422",4.9644,"Observed"
"icr030424",7.6728,"Observed"
"icr030425",6.7596,"Observed"
"icr030426",9.6234,"Observed"
"icr030427",9.702,"Observed"
"icr030428",16.4864,"Observed"
"icr030432",8.5248,"Observed"
"icr030434",8.45,"Observed"
"icr030435",8.6688,"Observed"
"icr030480",6.55,"Observed"
"icr030482",6.5792,"Observed"
"icr030486",22.4852,"Observed"
"icr030489",6.6564,"Observed"
"icr030493",4.671,"Observed"
"icr030513",10.4272,"Observed"
"icr030515",10.894,"Observed"
"icr030529",16.978,"Observed"
"icr030547",19.474,"Observed"
"icr030555",19.404,"Observed"
"icr033353",1.1972,"Observed"
"icr033379",2.1608,"Observed"
"icr033381",1.5288,"Observed"
"icr033391",4.5474,"Observed"
"icr033394",1.2298,"Observed"
"icr033395",0.73,"Observed"
"icr033396",1.573,"Observed"
"icr033398",1.807,"Observed"
"icr033400",0.9344,"Observed"
"icr033402",1.2012,"Observed"
"icr033404",2.3328,"Observed"
"icr033406",1.0868,"Observed"
"icr033411",1.8774,"Observed"
"icr033413",1.184,"Observed"
"icr033415",1.4208,"Observed"
"icr033417",0.754,"Observed"
"icr033419",0.5292,"Observed"
"icr033447",4.727,"Observed"
"icr033451",1.5552,"Observed"
"icr033452",2.2776,"Observed"
"icr033470",0.6174,"Observed"
"icr033472",0.576,"Observed"
"icr033474",0.5256,"Observed"
"icr033476",1.1972,"Observed"
"icr033480",1.073,"Observed"
"icr033482",0.4704,"Observed"
"icr033490",1.2642,"Observed"
"icr033492",0.9928,"Observed"
"icr033494",1.1544,"Observed"
"icr033508",2.001,"Observed"
"icr033509",5.5664,"Observed"
"icr033511",1.0368,"Observed"
"icr033513",1.3432,"Observed"
"icr033515",2.03,"Observed"
"icr033521",1.9698,"Observed"
"icr033523",0.754,"Observed"
"icr033527",1.276,"Observed"
"icr033529",1.9008,"Observed"
"icr033531",0.6204,"Observed"
"icr033533",0.522,"Observed"
"icr033535",0.5586,"Observed"
"icr033541",1.276,"Observed"
"icr033545",1.6016,"Observed"
"icr033551",0.735,"Observed"
"icr033553",0.8294,"Observed"
"icr033555",0.8232,"Observed"
"icr033557",0.73,"Observed"
"icr033559",1.136,"Observed"
"icr033561",0.928,"Observed"
"icr033568",0.8468,"Observed"
"icr033570",1.044,"Observed"
"icr033571",0.9052,"Observed"
"icr033572",1.314,"Observed"
"icr033580",5.4978,"Observed"
"icr033584",1.1644,"Observed"
"icr033588",0.308,"Observed"
"icr033592",3.0956,"Observed"
"icr033594",2.2742,"Observed"
"icr033598",7.2062,"Observed"
"icr033602",5.0546,"Observed"
"icr033616",3.0552,"Observed"
"icr033618",7.5776,"Observed"
"icr033619",3.9168,"Observed"
"icr033625",6.943,"Observed"
"icr033627",4.192,"Observed"
"icr033631",2.2176,"Observed"
"icr033632",4.0764,"Observed"
"icr033634",2.6136,"Observed"
"icr033636",3.936,"Observed"
"icr033637",5.226,"Observed"
"icr033644",2.8016,"Observed"
"icr033646",5.2272,"Observed"
"icr033648",5.2138,"Observed"
"icr033650",3.2,"Observed"
"icr033652",3.7204,"Observed"
"icr033660",3.8252,"Observed"
"icr033664",3.9038,"Observed"
"icr033666",3.6036,"Observed"
"icr033670",3.7204,"Observed"
"icr033672",6.288,"Observed"
"icr033680",4.556,"Observed"
"icr033684",3.93,"Observed"
"icr033690",6.6464,"Observed"
"icr033704",5.6196,"Observed"
"icr033710",6.1146,"Observed"
"icr033716",4.0698,"Observed"
"icr033724",3.325,"Observed"
"icr033727",4.2706,"Observed"
"icr033729",3.321,"Observed"
"icr033732",3.348,"Observed"
"icr033738",3.146,"Observed"
"icr033748",6.2244,"Observed"
"icr033750",2.9344,"Observed"
"icr033752",5.1858,"Observed"
"icr033754",8.5176,"Observed"
"icr033756",5.928,"Observed"
"icr033757",5.0566,"Observed"
"icr033767",9.675,"Observed"
"icr033769",5.4432,"Observed"
"icr033781",5.7552,"Observed"
"icr033787",2.1488,"Observed"
"icr033801",4.08,"Observed"
"icr033805",2.546,"Observed"
"icr033815",3.3012,"Observed"
"icr033819",3.9864,"Observed"
"icr033829",5.694,"Observed"
"icr033833",7.168,"Observed"
"icr033845",7.6288,"Observed"
"icr033847",8.1786,"Observed"
"icr033863",4.5936,"Observed"
"icr033869",5.0384,"Observed"
"icr033873",3.5072,"Observed"
"icr033874",6.723,"Observed"
"icr033878",5.319,"Observed"
"icr033880",6.075,"Observed"
"icr033896",4.482,"Observed"
"icr033902",4.5024,"Observed"
"icr033904",5.6012,"Observed"
"icr034422",1.3,"Observed"
"icr037453",2.574,"Observed"
"icr037531",0.9636,"Observed"
"icr037574",1.3524,"Observed"
"icr037590",3.5108,"Observed"
"icr037626",1.269,"Observed"
"icr037689",4.608,"Observed"
"icr037699",1.8768,"Observed"
"icr037767",4.0446,"Observed"
"icr037843",4.7736,"Observed"
"icr037869",6.1498,"Observed"
"icr037901",4.6332,"Observed"
"icr037927",6.848,"Observed"
"icr037969",1.9928,"Observed"
"icr037986",8.858,"Observed"
"icr038034",6.231,"Observed"
"icr038100",42.944,"Observed"
"icr038102",5.4936,"Observed"
"icr038108",12.1856,"Observed"
"icr038110",10.978,"Observed"
"icr038116",8.3712,"Observed"
"icr038118",2.3296,"Observed"
"icr038142",4.6592,"Observed"
"icr038147",4.1496,"Observed"
"icr038154",4.117,"Observed"
"icr038156",3.608,"Observed"
"icr038158",2.3278,"Observed"
"icr038162",2.6668,"Observed"
"icr038167",5.668,"Observed"
"icr038169",4.1514,"Observed"
"icr038176",7.5258,"Observed"
"icr038191",6.182,"Observed"
"icr038193",5.8936,"Observed"
"icr038197",5.4142,"Observed"
"icr038200",4.0984,"Observed"
"icr038202",11.0308,"Observed"
"icr038218",14.012,"Observed"
"icr038227",2.834,"Observed"
"icr038229",3.959,"Observed"
"icr038236",5.2704,"Observed"
"icr038237",3.672,"Observed"
"icr038239",8.064,"Observed"
"icr038242",5.8386,"Observed"
"icr038249",8.888,"Observed"
"icr038263",3.3072,"Observed"
"icr038273",5.0112,"Observed"
"icr038281",1.3824,"Observed"
"icr038288",2.376,"Observed"
"icr038291",7.992,"Observed"
"icr038293",5.9492,"Observed"
"icr038299",2.97,"Observed"
"icr038301",2.3484,"Observed"
"icr038302",1.1988,"Observed"
"icr038304",5.0576,"Observed"
"icr038320",4.815,"Observed"
"icr038327",2.97,"Observed"
"icr038345",5.4864,"Observed"
"icr038357",2.9264,"Observed"
"icr038363",5.313,"Observed"
"icr038368",6.2304,"Observed"
"icr038377",3.2148,"Observed"
"icr038379",5.9774,"Observed"
"icr038381",3.264,"Observed"
"icr041643",1.566,"Observed"
"icr041647",3.0528,"Observed"
"icr041649",2.52,"Observed"
"icr041651",2.3738,"Observed"
"icr041655",2.482,"Observed"
"icr041659",2.1164,"Observed"
"icr041673",2.324,"Observed"
"icr041679",2.2484,"Observed"
"icr041685",2.4708,"Observed"
"icr041699",1.6416,"Observed"
"icr041715",1.4586,"Observed"
"icr041717",1.3724,"Observed"
"icr041733",2.7548,"Observed"
"icr041735",2.268,"Observed"
"icr041741",2.233,"Observed"
"icr041743",2.9744,"Observed"
"icr041747",2.3904,"Observed"
"icr041751",2.793,"Observed"
"icr041755",2.2176,"Observed"
"icr041765",2.9172,"Observed"
"icr041777",2.3572,"Observed"
"icr041789",1.2096,"Observed"
"icr041813",1.6588,"Observed"
"icr041821",1.529,"Observed"
"icr041825",1.6074,"Observed"
"icr041830",1.3536,"Observed"
"icr041834",1.7202,"Observed"
"icr041838",2.001,"Observed"
"icr041854",2.639,"Observed"
"icr041868",1.2556,"Observed"
"icr041872",2.1312,"Observed"
"icr041878",3.212,"Observed"
"icr041882",3.575,"Observed"
"icr041884",3.3408,"Observed"
"icr041888",2.6784,"Observed"
"icr041890",2.9,"Observed"
"icr041892",1.0296,"Observed"
"icr041898",1.204,"Observed"
"icr041904",2.115,"Observed"
"icr041912",1.537,"Observed"
"icr041914",1.704,"Observed"
"icr041917",2.1868,"Observed"
"icr041925",1.728,"Observed"
"icr041935",2.5404,"Observed"
"icr041949",1.4484,"Observed"
"icr041987",12.3582,"Observed"
"icr041992",5.289,"Observed"
"icr041999",3.8052,"Observed"
"icr042024",3.3672,"Observed"
"icr042066",2.9768,"Observed"
"icr042070",1.534,"Observed"
"icr042074",3.2508,"Observed"
"icr042080",2.928,"Observed"
"icr042082",3.6414,"Observed"
"icr042103",4.712,"Observed"
"icr042108",3.3672,"Observed"
"icr042113",3.3154,"Observed"
"icr042117",7.5504,"Observed"
"icr042121",4.4732,"Observed"
"icr042122",2.9044,"Observed"
"icr042132",5.7276,"Observed"
"icr042141",3.84,"Observed"
"icr042147",4.8384,"Observed"
"icr042149",10.896,"Observed"
"icr042152",2.952,"Observed"
"icr042162",7.55,"Observed"
"icr042168",9.4428,"Observed"
"icr042170",3.7846,"Observed"
"icr042180",2.6964,"Observed"
"icr042181",3.925,"Observed"
"icr042189",12.519,"Observed"
"icr042191",9.0312,"Observed"
"icr042193",6.182,"Observed"
"icr042195",8.3712,"Observed"
"icr042201",5.1304,"Observed"
"icr042203",5.9364,"Observed"
"icr042204",9.483,"Observed"
"icr042210",12.9328,"Observed"
"icr042222",11.446,"Observed"
"icr042224",5.4612,"Observed"
"icr042226",6.0138,"Observed"
"icr042229",6.171,"Observed"
"icr042233",3.5814,"Observed"
"icr042235",5.5104,"Observed"
"icr042239",16.6576,"Observed"
"icr042241",6.5392,"Observed"
"icr042243",6.2244,"Observed"
"icr042245",22.2398,"Observed"
"icr042249",7.434,"Observed"
"icr042253",5.808,"Observed"
"icr042263",7.192,"Observed"
"icr042265",2.5654,"Observed"
"icr042267",2.1112,"Observed"
"icr042271",9.3632,"Observed"
"icr042273",3.7268,"Observed"
"icr042275",3.0996,"Observed"
"icr042279",4.026,"Observed"
"icr042280",7.5284,"Observed"
"icr042282",5.9052,"Observed"
"icr042790",14.3514,"Observed"
"icr042836",12.6854,"Observed"
"icr042867",3.5264,"Observed"
"icr042896",6.844,"Observed"
"icr042930",6.8026,"Observed"
"icr042990",10.3056,"Observed"
"icr043068",8.376,"Observed"
"icr043152",4.5408,"Observed"
"icr043248",5.24,"Observed"
"icr043266",5.3972,"Observed"
"icr043287",3.99,"Observed"
"icr043347",4.128,"Observed"
"icr043401",6.6264,"Observed"
"icr048485",3.1784,"Observed"
"icr048520",2.5756,"Observed"
"icr048642",12.4396,"Observed"
"icr048664",4.1496,"Observed"
"icr048704",4.4422,"Observed"
"icr048755",1.2956,"Observed"
"icr048837",1.422,"Observed"
"icr048931",1.6956,"Observed"
"icr048932",1.1618,"Observed"
"icr048942",1.085,"Observed"
"icr049074",0.8624,"Observed"
"icr049154",1.8408,"Observed"
"icr049735",3.0318,"Observed"
"icr049934",0.9362,"Observed"
"icr050214",1.4796,"Observed"
"icr050234",3.8634,"Observed"
"icr050254",2.397,"Observed"
"icr050274",1.4734,"Observed"
"icr050294",5.0232,"Observed"
"icr050354",0.6768,"Observed"
"icr054165",5.896,"Observed"
"icr054175",5.346,"Observed"
"icr054181",6.157,"Observed"
"icr054187",5.4944,"Observed"
"icr054188",4.0866,"Observed"
"icr054190",5.699,"Observed"
"icr054194",3.078,"Observed"
"icr054201",6.2304,"Observed"
"icr054205",5.7084,"Observed"
"icr054214",4.482,"Observed"
"icr054222",4.7472,"Observed"
"icr054232",6.4768,"Observed"
"icr054234",4.4856,"Observed"
"icr054236",4.2496,"Observed"
"icr054250",6.45,"Observed"
"icr054256",10.1136,"Observed"
"icr054260",5.6232,"Observed"
"icr054269",4.498,"Observed"
"icr054285",5.1832,"Observed"
"icr054287",13.9,"Observed"
"icr054289",2.938,"Observed"
"icr054293",12.2724,"Observed"
"icr054301",7.3014,"Observed"
"icr054307",7.8432,"Observed"
"icr054309",5.5372,"Observed"
"icr054315",3.6418,"Observed"
"icr054317",5.95,"Observed"
"icr054321",10.7384,"Observed"
"icr054322",9.204,"Observed"
"icr054324",4.6482,"Observed"
"icr054326",9.272,"Observed"
"icr054328",3.654,"Observed"
"icr054330",8.5116,"Observed"
"icr054332",10.9716,"Observed"
"icr054336",5.4234,"Observed"
"icr054340",7.5852,"Observed"
"icr054342",31.1658,"Observed"
"icr054348",5.9048,"Observed"
"icr054354",9.9314,"Observed"
"icr054357",7.2,"Observed"
"icr054358",7.3656,"Observed"
"icr054362",13.625,"Observed"
"icr054363",6.3736,"Observed"
"icr054365",10.7748,"Observed"
"icr054368",13.7144,"Observed"
"icr054369",10.4302,"Observed"
"icr054372",9.9946,"Observed"
"icr054374",4.92,"Observed"
"icr054382",20.6426,"Observed"
"icr054387",4.225,"Observed"
"icr054391",10.8712,"Observed"
"icr054395",10.504,"Observed"
"icr054400",5.5212,"Observed"
"icr054402",3.8354,"Observed"
"icr054405",7.6962,"Observed"
"icr054408",10.8032,"Observed"
"icr054410",8.06,"Observed"
"icr054414",7.2,"Observed"
"icr054415",7.3788,"Observed"
"icr054417",12.125,"Observed"
"icr054426",4.7376,"Observed"
"icr054433",6.2,"Observed"
"icr054439",14.1024,"Observed"
"icr054443",6.4664,"Observed"
"icr054444",6.095,"Observed"
"icr054445",6.216,"Observed"
"icr054449",9.7232,"Observed"
"icr054451",13.9712,"Observed"
"icr054455",6.8782,"Observed"
"icr054463",6.1,"Observed"
"icr054465",5.64,"Observed"
"icr054467",10.65,"Observed"
"icr054468",8.211,"Observed"
"icr054471",10.406,"Observed"
"icr054476",11.193,"Observed"
"icr054479",9.3534,"Observed"
"icr054498",9.3396,"Observed"
"icr054506",10.6386,"Observed"
"icr054509",7.5446,"Observed"
"icr054510",12.177,"Observed"
"icr054520",5.5216,"Observed"
"icr054521",7.512,"Observed"
"icr054522",12.4388,"Observed"
"icr054523",10.5028,"Observed"
"icr054527",10.848,"Observed"
"icr054529",10.0878,"Observed"
"icr054531",16.6572,"Observed"
"icr054532",13.6896,"Observed"
"icr054540",8.8064,"Observed"
"icr054552",33.6804,"Observed"
"icr054556",14.4738,"Observed"
"icr054560",14.612,"Observed"
"icr054564",6.8072,"Observed"
"icr054566",8.268,"Observed"
"icr054574",8.192,"Observed"
"icr054595",13.325,"Observed"
"icr054596",9.504,"Observed"
"icr054598",11.7852,"Observed"
"icr054614",9.23,"Observed"
"icr054626",23.1336,"Observed"
"icr054633",15.0744,"Observed"
"icr054635",14.592,"Observed"
"icr054639",8.8064,"Observed"
"icr054643",11.5068,"Observed"
"icr054645",19.8912,"Observed"
"icr054646",12.975,"Observed"
"icr054654",7.9502,"Observed"
"icr054684",7.581,"Observed"
"icr054703",15.366,"Observed"
"icr054709",10.374,"Observed"
"icr054713",9.2664,"Observed"
"icr056141",2.3936,"Observed"
"icr056220",1.7792,"Observed"
"icr056360",8.52,"Observed"
"icr056500",1.8228,"Observed"
"icr062136",6.76,"Observed"
"icr062138",5.1084,"Observed"
"icr062139",3.0192,"Observed"
"icr062141",8.1406,"Observed"
"icr062143",6.3226,"Observed"
"icr062145",5.26,"Observed"
"icr062147",6.1578,"Observed"
"icr062149",6.0368,"Observed"
"icr062151",9.6432,"Observed"
"icr062153",7.128,"Observed"
"icr062157",7.88,"Observed"
"icr062159",6.8544,"Observed"
"icr062165",5.8006,"Observed"
"icr062167",10.6,"Observed"
"icr062169",7.7812,"Observed"
"icr062173",7.3326,"Observed"
"icr062175",10.4434,"Observed"
"icr062179",8.84,"Observed"
"icr062181",5.6034,"Observed"
"icr062183",5.7792,"Observed"
"icr062187",4.9858,"Observed"
"icr062195",8.6088,"Observed"
"icr062197",7.14,"Observed"
"icr062199",10.908,"Observed"
"icr062201",5.64,"Observed"
"icr062203",5.252,"Observed"
"icr062209",4.6452,"Observed"
"icr062211",9.898,"Observed"
"icr062213",6.1408,"Observed"
"icr062219",6.6052,"Observed"
"icr062227",6.969,"Observed"
"icr062231",6.633,"Observed"
"icr062237",5.88,"Observed"
"icr062239",6.6912,"Observed"
"icr062241",4.2848,"Observed"
"icr062243",6.8748,"Observed"
"icr062247",8.32,"Observed"
"icr062249",8.1576,"Observed"
"icr062251",9.56,"Observed"
"icr062253",7.4844,"Observed"
"icr062259",8.5,"Observed"
"icr062261",10.608,"Observed"
"icr062263",14.355,"Observed"
"icr062265",8.5446,"Observed"
"icr062267",6.8992,"Observed"
"icr062280",10.9692,"Observed"
"icr062281",7.8606,"Observed"
"icr062285",10.8702,"Observed"
"icr062287",9.8604,"Observed"
"icr062289",9.3896,"Observed"
"icr062292",9.5256,"Observed"
"icr062294",7.26,"Observed"
"icr062296",8.1164,"Observed"
"icr062298",8.169,"Observed"
"icr062302",6.9286,"Observed"
"icr062306",10.3,"Observed"
"icr062308",9.991,"Observed"
"icr062310",7.5144,"Observed"
"icr062312",8.1804,"Observed"
"icr062316",4.2532,"Observed"
"icr062318",7.0902,"Observed"
"icr062320",6.6054,"Observed"
"icr062322",7.6014,"Observed"
"icr062324",8.86,"Observed"
"icr062330",4.7,"Observed"
"icr062334",5.304,"Observed"
"icr062336",5.928,"Observed"
"icr062338",8.26,"Observed"
"icr062339",5.5836,"Observed"
"icr062343",7.5636,"Observed"
"icr062347",8.058,"Observed"
"icr062351",6.1056,"Observed"
"icr062353",6.386,"Observed"
"icr062355",6.8404,"Observed"
"icr062357",7.3542,"Observed"
"icr062359",6.678,"Observed"
"icr062365",7.6962,"Observed"
"icr062369",5.2722,"Observed"
"icr062375",5.796,"Observed"
"icr062381",7.004,"Observed"
"icr062383",9.345,"Observed"
"icr062385",9.009,"Observed"
"icr062387",7.5756,"Observed"
"icr062391",5.5332,"Observed"
"icr062393",4.5792,"Observed"
"icr062395",10.1796,"Observed"
"icr062399",7.1712,"Observed"
"icr062403",6.5688,"Observed"
"icr062405",5.7664,"Observed"
"icr062407",7.9488,"Observed"
"icr062409",5.6992,"Observed"
"icr062411",4.872,"Observed"
"icr062415",8.1952,"Observed"
"icr062417",4.32,"Observed"
"icr062421",4.92,"Observed"
"icr062425",5.9186,"Observed"
"icr062427",5.3856,"Observed"
"icr062431",5.5536,"Observed"
"icr062435",7.56,"Observed"
"icr062437",4.444,"Observed"
"icr062439",7.2316,"Observed"
"icr062443",6.2624,"Observed"
"icr062451",4.6556,"Observed"
"icr068101",0.4004,"Observed"
"icr068131",0.6394,"Observed"
"icr068149",0.4544,"Observed"
"icr068161",1.0792,"Observed"
"icr068199",0.4692,"Observed"
"icr068221",0.564,"Observed"
"icr068265",0.728,"Observed"
"icr068279",1.0998,"Observed"
"icr068321",1.7202,"Observed"
"icr068339",0.6486,"Observed"
"icr068361",1.0224,"Observed"
"icr068381",0.9504,"Observed"
"icr068399",1.4112,"Observed"
"icr068419",1.6992,"Observed"
"icr068499",2.407,"Observed"
"icr068521",1.1726,"Observed"
"icr068539",4.147,"Observed"
"icr068579",1.152,"Observed"
"icr068677",1.8104,"Observed"
"icr068717",2.085,"Observed"
"icr069849",0.632,"Observed"
"icr069869",0.8478,"Observed"
"icr069929",0.9164,"Observed"
"icr070029",1.2382,"Observed"
"icr070112",3.874,"Observed"
"icr070124",3.432,"Observed"
"icr070164",2.1222,"Observed"
"icr070202",0.9804,"Observed"
"icr070262",1.1088,"Observed"
"icr070328",0.792,"Observed"
"icr070370",1.9584,"Observed"
"icr070386",1.2408,"Observed"
"icr072246",4.725,"Observed"
"icr072286",3.692,"Observed"
"icr072365",5.0592,"Observed"
"icr072405",3.9168,"Observed"
"icr072425",3.328,"Observed"
"icr072544",10.3458,"Observed"
"icr072596",2.0904,"Observed"
"icr072616",1.7172,"Observed"
"icr072656",1.5072,"Observed"
"icr072696",1.65,"Observed"
"icr072716",1.209,"Observed"
"icr072756",1.38,"Observed"
"icr072816",1.7442,"Observed"
"icr072836",1.5606,"Observed"
"icr072896",1.3244,"Observed"
"icr072948",4.344,"Observed"
"icr072968",3.3264,"Observed"
"icr073008",1.664,"Observed"
"icr073028",2.964,"Observed"
"icr073068",2.8896,"Observed"
"icr073128",3.1744,"Observed"
"icr073148",1.75,"Observed"
"icr073168",3.0258,"Observed"
"icr073208",4.9896,"Observed"
"icr073228",4.5018,"Observed"
"icr073300",2.4064,"Observed"
"icr073320",2.337,"Observed"
"icr073340",4.7684,"Observed"
"icr073361",4.148,"Observed"
"icr073379",2.4696,"Observed"
"icr073399",4.5408,"Observed"
"icr073439",2.814,"Observed"
"icr073479",1.8688,"Observed"
"icr073519",2.73,"Observed"
"icr073539",3.3672,"Observed"
"icr073558",2.3808,"Observed"
"icr073578",2.5536,"Observed"
"icr074045",3.33,"Observed"
"icr074122",3.21,"Observed"
"icr074159",2.49,"Observed"
"icr074318",3.408,"Observed"
"icr074336",3.12,"Observed"
"icr074356",1.6092,"Observed"
"icr074376",3.753,"Observed"
"icr074396",2.697,"Observed"
"icr074413",2.877,"Observed"
"icr074433",2.04,"Observed"
"icr074470",2.8116,"Observed"
"icr074509",1.2848,"Observed"
"icr074529",3.6176,"Observed"
"icr074544",3.575,"Observed"
"icr074580",1.595,"Observed"
"icr074631",0.899,"Observed"
"icr074671",1.036,"Observed"
"icr074691",2.8812,"Observed"
"icr074731",0.8468,"Observed"
"icr074751",0.8176,"Observed"
"icr074771",1.16,"Observed"
"icr074891",0.6808,"Observed"
"icr074983",1.5288,"Observed"
"icr075003",1.2874,"Observed"
"icr075023",1.3188,"Observed"
"icr075043",1.147,"Observed"
"icr075083",1.1932,"Observed"
"icr075143",2.9294,"Observed"
"icr075224",2.4648,"Observed"
"icr075240",2.883,"Observed"
"icr075260",1.0472,"Observed"
"icr075280",0.7222,"Observed"
"icr075350",4.9468,"Observed"
"icr075410",7.4676,"Observed"
"icr075528",4.6636,"Observed"
"icr075676",1.1174,"Observed"
"icr075696",1.6464,"Observed"
"icr075716",2.7528,"Observed"
"icr075736",18.396,"Observed"
"icr075756",1.2054,"Observed"
"icr075796",4.147,"Observed"
"icr075876",11.861,"Observed"
"icr075916",2.8712,"Observed"
"icr076353",1.072,"Observed"
"icr076355",5.4954,"Observed"
"icr076357",2.704,"Observed"
"icr076359",14.7968,"Observed"
"icr076362",1.0906,"Observed"
"icr076366",4.264,"Observed"
"icr076368",1.7136,"Observed"
"icr076372",3.7466,"Observed"
"icr076374",3.2472,"Observed"
"icr076386",4.95,"Observed"
"icr076392",5.3676,"Observed"
"icr076400",2.52,"Observed"
"icr076406",2.048,"Observed"
"icr076408",2.0066,"Observed"
"icr076410",3.4816,"Observed"
"icr076412",2.8034,"Observed"
"icr076418",2.574,"Observed"
"icr076420",3.7884,"Observed"
"icr076422",2.7456,"Observed"
"icr076424",2.3324,"Observed"
"icr076442",2.7178,"Observed"
"icr076446",2.268,"Observed"
"icr076452",3.3528,"Observed"
"icr076460",3.4686,"Observed"
"icr076474",6.15,"Observed"
"icr076478",8.7552,"Observed"
"icr076480",2.9,"Observed"
"icr076490",3.5632,"Observed"
"icr076492",4.2828,"Observed"
"icr076494",2.0898,"Observed"
"icr076496",1.4448,"Observed"
"icr076506",3.1,"Observed"
"icr076508",3.0988,"Observed"
"icr076512",4.826,"Observed"
"icr076518",4.536,"Observed"
"icr076526",11.136,"Observed"
"icr076527",6.7334,"Observed"
"icr076533",14.376,"Observed"
"icr076547",14.2104,"Observed"
"icr076551",18.288,"Observed"
"icr076555",9.825,"Observed"
"icr076569",8.892,"Observed"
"icr076571",18.876,"Observed"
"icr076573",7.095,"Observed"
"icr076589",4.7376,"Observed"
"icr076599",8.0892,"Observed"
"icr076605",9.6266,"Observed"
"icr076607",5.8464,"Observed"
"icr076611",11.8424,"Observed"
"icr076613",9.8044,"Observed"
"icr076617",7.675,"Observed"
"icr076623",16.3432,"Observed"
"icr076627",15.15,"Observed"
"icr076632",10.75,"Observed"
"icr076638",10.0608,"Observed"
"icr076640",16.5188,"Observed"
"icr076646",3.9184,"Observed"
"icr076648",7.5692,"Observed"
"icr076651",4.3086,"Observed"
"icr076655",3.8354,"Observed"
